"entryID","submissionID","submitterID","marker","referenceDB","pipeline","sampleID","referenceDB_simplified","error_rate_tool","ASV.OTU","tax_assign_cat","otu_seq_comp_appr","tax_class_id_cutoff","tax_class_evalue","tax_class_query_cutoff","tax_class_collapse","screen_other","screen_explanation","PC1","PC2"
"AlejandroAbdala_12S_12SAllFishDez2023_cascabel_A","AlejandroAbdala_12S_12SAllFishDez2023_cascabel","AlejandroAbdala","12S","12SAllFishDez2023","cascabel","A","12SAllFishDez2023","other","OTU","sequence similarity","vsearch",80,NA,NA,"LCA","YES","Remove singletons n=5 (abundance)",0.0817404430575508,-0.249610899085607
"AlejandroAbdala_12S_12SAllFishDez2023_cascabel_B","AlejandroAbdala_12S_12SAllFishDez2023_cascabel","AlejandroAbdala","12S","12SAllFishDez2023","cascabel","B","12SAllFishDez2023","other","OTU","sequence similarity","vsearch",80,NA,NA,"LCA","YES","Remove singletons n=5 (abundance)",-0.00968000637056591,-0.224972800021526
"AlejandroAbdala_12S_12SAllFishDez2023_cascabel_C","AlejandroAbdala_12S_12SAllFishDez2023_cascabel","AlejandroAbdala","12S","12SAllFishDez2023","cascabel","C","12SAllFishDez2023","other","OTU","sequence similarity","vsearch",80,NA,NA,"LCA","YES","Remove singletons n=5 (abundance)",0.0155221165879117,-0.266097772833809
"AlejandroAbdala_16S_16SAllFishDez2023_cascabel_A","AlejandroAbdala_16S_16SAllFishDez2023_cascabel","AlejandroAbdala","16S","16SAllFishDez2023","cascabel","A","16SAllFishDez2023","dada2","ASV","sequence composition","dada2",0.6,NA,NA,NA,"YES","Remove singletons n=5 (abundance); s=2 (number of samples)",0.257444876975833,0.020373326805361
"AlejandroAbdala_16S_16SAllFishDez2023_cascabel_B","AlejandroAbdala_16S_16SAllFishDez2023_cascabel","AlejandroAbdala","16S","16SAllFishDez2023","cascabel","B","16SAllFishDez2023","dada2","ASV","sequence composition","dada2",0.6,NA,NA,NA,"YES","Remove singletons n=5 (abundance); s=2 (number of samples)",0.279077673202774,0.0248266492126505
"AlejandroAbdala_16S_16SAllFishDez2023_cascabel_C","AlejandroAbdala_16S_16SAllFishDez2023_cascabel","AlejandroAbdala","16S","16SAllFishDez2023","cascabel","C","16SAllFishDez2023","dada2","ASV","sequence composition","dada2",0.6,NA,NA,NA,"YES","Remove singletons n=5 (abundance); s=2 (number of samples)",0.283042288271905,0.00084492586772459
"AudreyBourret_12S_12SAllFishDez2023_MLI_A","AudreyBourret_12S_12SAllFishDez2023_MLI","AudreyBourret","12S","12SAllFishDez2023","MLI","A","12SAllFishDez2023","dada2","ASV","sequence similarity","blastn",95,1e-50,95,"LCA","YES","ASV table correction for tagjumping, min reads, contaminants, high contaminant samples",0.0899578400735402,-0.251670753775765
"AudreyBourret_12S_12SAllFishDez2023_MLI_B","AudreyBourret_12S_12SAllFishDez2023_MLI","AudreyBourret","12S","12SAllFishDez2023","MLI","B","12SAllFishDez2023","dada2","ASV","sequence similarity","blastn",95,1e-50,95,"LCA","YES","ASV table correction for tagjumping, min reads, contaminants, high contaminant samples",0.0210937104185921,-0.253727115458316
"AudreyBourret_12S_12SAllFishDez2023_MLI_C","AudreyBourret_12S_12SAllFishDez2023_MLI","AudreyBourret","12S","12SAllFishDez2023","MLI","C","12SAllFishDez2023","dada2","ASV","sequence similarity","blastn",95,1e-50,95,"LCA","YES","ASV table correction for tagjumping, min reads, contaminants, high contaminant samples",0.0338291636295931,-0.278800082325219
"AudreyBourret_16S_NCBI_MLI_A","AudreyBourret_16S_NCBI_MLI","AudreyBourret","16S","NCBI","MLI","A","NCBI","dada2","ASV","sequence similarity","blastn",95,1e-50,95,"LCA","YES","ASV table correction for tagjumping, min reads, contaminants, high contaminant samples",0.319834159172623,0.00768725479140097
"AudreyBourret_16S_NCBI_MLI_B","AudreyBourret_16S_NCBI_MLI","AudreyBourret","16S","NCBI","MLI","B","NCBI","dada2","ASV","sequence similarity","blastn",95,1e-50,95,"LCA","YES","ASV table correction for tagjumping, min reads, contaminants, high contaminant samples",0.312853031275361,0.0157075707354015
"AudreyBourret_16S_NCBI_MLI_C","AudreyBourret_16S_NCBI_MLI","AudreyBourret","16S","NCBI","MLI","C","NCBI","dada2","ASV","sequence similarity","blastn",95,1e-50,95,"LCA","YES","ASV table correction for tagjumping, min reads, contaminants, high contaminant samples",0.355928566006897,0.011395832458671
"AudreyBourret_COI_COIAllFishDez2023_MLI_A","AudreyBourret_COI_COIAllFishDez2023_MLI","AudreyBourret","COI","COIAllFishDez2023","MLI","A","COIAllFishDez2023","dada2","ASV","sequence similarity","blastn",95,1e-50,95,"LCA","YES","ASV table correction for tagjumping, min reads, contaminants, high contaminant samples",-0.332183372093928,0.0395216043646579
"AudreyBourret_COI_COIAllFishDez2023_MLI_B","AudreyBourret_COI_COIAllFishDez2023_MLI","AudreyBourret","COI","COIAllFishDez2023","MLI","B","COIAllFishDez2023","dada2","ASV","sequence similarity","blastn",95,1e-50,95,"LCA","YES","ASV table correction for tagjumping, min reads, contaminants, high contaminant samples",-0.371232375149602,0.0389881301233524
"AudreyBourret_COI_COIAllFishDez2023_MLI_C","AudreyBourret_COI_COIAllFishDez2023_MLI","AudreyBourret","COI","COIAllFishDez2023","MLI","C","COIAllFishDez2023","dada2","ASV","sequence similarity","blastn",95,1e-50,95,"LCA","YES","ASV table correction for tagjumping, min reads, contaminants, high contaminant samples",-0.39716128367306,-0.00899561888450553
"ElisaBanchi_12S_12SAllFishDez2023_QIIME2v.2023.5_A","ElisaBanchi_12S_12SAllFishDez2023_QIIME2v.2023.5","ElisaBanchi","12S","12SAllFishDez2023","QIIME2v.2023.5","A","12SAllFishDez2023","dada2","ASV","sequence composition","qiime2",0.7,NA,NA,NA,NA,NA,0.0960058431759109,-0.00848586285456156
"ElisaBanchi_12S_12SAllFishDez2023_QIIME2v.2023.5_C","ElisaBanchi_12S_12SAllFishDez2023_QIIME2v.2023.5","ElisaBanchi","12S","12SAllFishDez2023","QIIME2v.2023.5","C","12SAllFishDez2023","dada2","ASV","sequence composition","qiime2",0.7,NA,NA,NA,NA,NA,0.0958709165410491,-0.00829936345197065
"ElisaBanchi_16S_16SAllFishDez2023_QIIME2v.2023.5_A","ElisaBanchi_16S_16SAllFishDez2023_QIIME2v.2023.5","ElisaBanchi","16S","16SAllFishDez2023","QIIME2v.2023.5","A","16SAllFishDez2023","dada2","ASV","sequence composition","qiime2",0.7,NA,NA,NA,NA,NA,0.254593010847992,0.269682503769106
"ElisaBanchi_16S_16SAllFishDez2023_QIIME2v.2023.5_B","ElisaBanchi_16S_16SAllFishDez2023_QIIME2v.2023.5","ElisaBanchi","16S","16SAllFishDez2023","QIIME2v.2023.5","B","16SAllFishDez2023","dada2","ASV","sequence composition","qiime2",0.7,NA,NA,NA,NA,NA,0.264468306318276,0.306931780728522
"ElisaBanchi_16S_16SAllFishDez2023_QIIME2v.2023.5_C","ElisaBanchi_16S_16SAllFishDez2023_QIIME2v.2023.5","ElisaBanchi","16S","16SAllFishDez2023","QIIME2v.2023.5","C","16SAllFishDez2023","dada2","ASV","sequence composition","qiime2",0.7,NA,NA,NA,NA,NA,0.273137490078249,0.289969015791641
"ElisaBanchi_COI_COIAllFishDez2023_QIIME2v.2023.5_A","ElisaBanchi_COI_COIAllFishDez2023_QIIME2v.2023.5","ElisaBanchi","COI","COIAllFishDez2023","QIIME2v.2023.5","A","COIAllFishDez2023","dada2","ASV","sequence composition","qiime2",0.7,NA,NA,NA,NA,NA,-0.418282847869738,0.071512315501292
"ElisaBanchi_COI_COIAllFishDez2023_QIIME2v.2023.5_B","ElisaBanchi_COI_COIAllFishDez2023_QIIME2v.2023.5","ElisaBanchi","COI","COIAllFishDez2023","QIIME2v.2023.5","B","COIAllFishDez2023","dada2","ASV","sequence composition","qiime2",0.7,NA,NA,NA,NA,NA,-0.436445853554721,0.0785210259693412
"ElisaBanchi_COI_COIAllFishDez2023_QIIME2v.2023.5_C","ElisaBanchi_COI_COIAllFishDez2023_QIIME2v.2023.5","ElisaBanchi","COI","COIAllFishDez2023","QIIME2v.2023.5","C","COIAllFishDez2023","dada2","ASV","sequence composition","qiime2",0.7,NA,NA,NA,NA,NA,-0.446581136640773,0.0527223967099934
"EnoraGeslain_12S_12SAllFishDez2023_MiFish_A","EnoraGeslain_12S_12SAllFishDez2023_MiFish","EnoraGeslain","12S","12SAllFishDez2023","MiFish","A","12SAllFishDez2023","other","OTU","sequence similarity","blastn",97,NA,NA,NA,NA,NA,0.110365008488401,0.048707001831494
"EnoraGeslain_12S_12SAllFishDez2023_MiFish_B","EnoraGeslain_12S_12SAllFishDez2023_MiFish","EnoraGeslain","12S","12SAllFishDez2023","MiFish","B","12SAllFishDez2023","other","OTU","sequence similarity","blastn",97,NA,NA,NA,NA,NA,0.0297688788603976,0.0686177879662985
"EnoraGeslain_12S_12SAllFishDez2023_MiFish_C","EnoraGeslain_12S_12SAllFishDez2023_MiFish","EnoraGeslain","12S","12SAllFishDez2023","MiFish","C","12SAllFishDez2023","other","OTU","sequence similarity","blastn",97,NA,NA,NA,NA,NA,0.0750982292807495,0.0409975469210184
"EnoraGeslain_COI_COIMetazoaSep2024_MiFish_A","EnoraGeslain_COI_COIMetazoaSep2024_MiFish","EnoraGeslain","COI","COIMetazoaSep2024","MiFish","A","COIMetazoa","other","OTU","sequence similarity","blastn",97,NA,NA,NA,NA,NA,-0.421436421997843,0.0742636410780961
"EnoraGeslain_COI_COIMetazoaSep2024_MiFish_B","EnoraGeslain_COI_COIMetazoaSep2024_MiFish","EnoraGeslain","COI","COIMetazoaSep2024","MiFish","B","COIMetazoa","other","OTU","sequence similarity","blastn",97,NA,NA,NA,NA,NA,-0.432272111345727,0.0698516662614853
"EnoraGeslain_COI_COIMetazoaSep2024_MiFish_C","EnoraGeslain_COI_COIMetazoaSep2024_MiFish","EnoraGeslain","COI","COIMetazoaSep2024","MiFish","C","COIMetazoa","other","OTU","sequence similarity","blastn",97,NA,NA,NA,NA,NA,-0.443652443858216,0.054226130765882
"EvanMorien_12S_12SAllFishDez2023_DADA2_A","EvanMorien_12S_12SAllFishDez2023_DADA2","EvanMorien","12S","12SAllFishDez2023","DADA2","A","12SAllFishDez2023","dada2","ASV","sequence similarity","blastn",96,1e-05,50,"LCA","YES","ASV table filtered on two parameters. If an ASV is present only in a single sample and only present in that sample at relative abundance < 0.001",0.217372975440908,-0.255488976598476
"EvanMorien_12S_12SAllFishDez2023_DADA2_B","EvanMorien_12S_12SAllFishDez2023_DADA2","EvanMorien","12S","12SAllFishDez2023","DADA2","B","12SAllFishDez2023","dada2","ASV","sequence similarity","blastn",96,1e-05,50,"LCA","YES","ASV table filtered on two parameters. If an ASV is present only in a single sample and only present in that sample at relative abundance < 0.001",0.209359461143325,-0.258877492910129
"EvanMorien_12S_12SAllFishDez2023_DADA2_C","EvanMorien_12S_12SAllFishDez2023_DADA2","EvanMorien","12S","12SAllFishDez2023","DADA2","C","12SAllFishDez2023","dada2","ASV","sequence similarity","blastn",96,1e-05,50,"LCA","YES","ASV table filtered on two parameters. If an ASV is present only in a single sample and only present in that sample at relative abundance < 0.001",0.209825798482989,-0.262777081380546
"EvanMorien_12S_NCBILCABestHit_DADA2_A","EvanMorien_12S_NCBILCABestHit_DADA2","EvanMorien","12S","NCBILCABestHit","DADA2","A","NCBI","dada2","ASV","sequence similarity","blastn",96,1e-05,50,"LCA","YES","ASV table filtered on two parameters. If an ASV is present only in a single sample and only present in that sample at relative abundance < 0.001",0.145472202088206,-0.226887685894324
"EvanMorien_12S_NCBILCABestHit_DADA2_B","EvanMorien_12S_NCBILCABestHit_DADA2","EvanMorien","12S","NCBILCABestHit","DADA2","B","NCBI","dada2","ASV","sequence similarity","blastn",96,1e-05,50,"LCA","YES","ASV table filtered on two parameters. If an ASV is present only in a single sample and only present in that sample at relative abundance < 0.001",0.0995508833757167,-0.207358238753061
"EvanMorien_12S_NCBILCABestHit_DADA2_C","EvanMorien_12S_NCBILCABestHit_DADA2","EvanMorien","12S","NCBILCABestHit","DADA2","C","NCBI","dada2","ASV","sequence similarity","blastn",96,1e-05,50,"LCA","YES","ASV table filtered on two parameters. If an ASV is present only in a single sample and only present in that sample at relative abundance < 0.001",0.147259429477759,-0.247780840723904
"EvanMorien_12S_NCBILCA_DADA2_A","EvanMorien_12S_NCBILCA_DADA2","EvanMorien","12S","NCBILCA","DADA2","A","NCBI","dada2","ASV","sequence similarity","blastn",96,1e-05,50,"LCA","YES","ASV table filtered on two parameters. If an ASV is present only in a single sample and only present in that sample at relative abundance < 0.001",0.195408361859218,-0.265927560084547
"EvanMorien_12S_NCBILCA_DADA2_B","EvanMorien_12S_NCBILCA_DADA2","EvanMorien","12S","NCBILCA","DADA2","B","NCBI","dada2","ASV","sequence similarity","blastn",96,1e-05,50,"LCA","YES","ASV table filtered on two parameters. If an ASV is present only in a single sample and only present in that sample at relative abundance < 0.001",0.16429854741756,-0.255314194506755
"EvanMorien_12S_NCBILCA_DADA2_C","EvanMorien_12S_NCBILCA_DADA2","EvanMorien","12S","NCBILCA","DADA2","C","NCBI","dada2","ASV","sequence similarity","blastn",96,1e-05,50,"LCA","YES","ASV table filtered on two parameters. If an ASV is present only in a single sample and only present in that sample at relative abundance < 0.001",0.176271230335244,-0.25639760830569
"EvanMorien_16S_16SAllFishDez2023_DADA2_A","EvanMorien_16S_16SAllFishDez2023_DADA2","EvanMorien","16S","16SAllFishDez2023","DADA2","A","16SAllFishDez2023","dada2","ASV","sequence similarity","blastn",96,1e-05,50,"LCA","YES","ASV table filtered on two parameters. If an ASV is present only in a single sample and only present in that sample at relative abundance < 0.001",0.284232053166482,0.0038943249014549
"EvanMorien_16S_16SAllFishDez2023_DADA2_B","EvanMorien_16S_16SAllFishDez2023_DADA2","EvanMorien","16S","16SAllFishDez2023","DADA2","B","16SAllFishDez2023","dada2","ASV","sequence similarity","blastn",96,1e-05,50,"LCA","YES","ASV table filtered on two parameters. If an ASV is present only in a single sample and only present in that sample at relative abundance < 0.001",0.288977767541908,0.00765657526760018
"EvanMorien_16S_16SAllFishDez2023_DADA2_C","EvanMorien_16S_16SAllFishDez2023_DADA2","EvanMorien","16S","16SAllFishDez2023","DADA2","C","16SAllFishDez2023","dada2","ASV","sequence similarity","blastn",96,1e-05,50,"LCA","YES","ASV table filtered on two parameters. If an ASV is present only in a single sample and only present in that sample at relative abundance < 0.001",0.285377304029335,0.00874258767624445
"EvanMorien_16S_NCBILCABestHit_DADA2_A","EvanMorien_16S_NCBILCABestHit_DADA2","EvanMorien","16S","NCBILCABestHit","DADA2","A","NCBI","dada2","ASV","sequence similarity","blastn",96,1e-05,50,"LCA","YES","ASV table filtered on two parameters. If an ASV is present only in a single sample and only present in that sample at relative abundance < 0.001",0.1690407298364,-0.13645926785113
"EvanMorien_16S_NCBILCABestHit_DADA2_B","EvanMorien_16S_NCBILCABestHit_DADA2","EvanMorien","16S","NCBILCABestHit","DADA2","B","NCBI","dada2","ASV","sequence similarity","blastn",96,1e-05,50,"LCA","YES","ASV table filtered on two parameters. If an ASV is present only in a single sample and only present in that sample at relative abundance < 0.001",0.165473315640746,-0.136761631122445
"EvanMorien_16S_NCBILCABestHit_DADA2_C","EvanMorien_16S_NCBILCABestHit_DADA2","EvanMorien","16S","NCBILCABestHit","DADA2","C","NCBI","dada2","ASV","sequence similarity","blastn",96,1e-05,50,"LCA","YES","ASV table filtered on two parameters. If an ASV is present only in a single sample and only present in that sample at relative abundance < 0.001",0.19557915244931,-0.158080941657087
"EvanMorien_16S_NCBILCA_DADA2_A","EvanMorien_16S_NCBILCA_DADA2","EvanMorien","16S","NCBILCA","DADA2","A","NCBI","dada2","ASV","sequence similarity","blastn",96,1e-05,50,"LCA","YES","ASV table filtered on two parameters. If an ASV is present only in a single sample and only present in that sample at relative abundance < 0.001",0.231731164344012,-0.00611548915291391
"EvanMorien_16S_NCBILCA_DADA2_B","EvanMorien_16S_NCBILCA_DADA2","EvanMorien","16S","NCBILCA","DADA2","B","NCBI","dada2","ASV","sequence similarity","blastn",96,1e-05,50,"LCA","YES","ASV table filtered on two parameters. If an ASV is present only in a single sample and only present in that sample at relative abundance < 0.001",0.244854535457862,-0.00434010534491644
"EvanMorien_16S_NCBILCA_DADA2_C","EvanMorien_16S_NCBILCA_DADA2","EvanMorien","16S","NCBILCA","DADA2","C","NCBI","dada2","ASV","sequence similarity","blastn",96,1e-05,50,"LCA","YES","ASV table filtered on two parameters. If an ASV is present only in a single sample and only present in that sample at relative abundance < 0.001",0.241465959391875,0.00851693172967937
"EvanMorien_COI_COIMetazoa_DADA2_A","EvanMorien_COI_COIMetazoa_DADA2","EvanMorien","COI","COIMetazoa","DADA2","A","COIMetazoa","dada2","ASV","sequence similarity","blastn",96,1e-05,50,"LCA","YES","ASV table filtered on two parameters. If an ASV is present only in a single sample and only present in that sample at relative abundance < 0.001",-0.337483462094418,0.000347365092312011
"EvanMorien_COI_COIMetazoa_DADA2_B","EvanMorien_COI_COIMetazoa_DADA2","EvanMorien","COI","COIMetazoa","DADA2","B","COIMetazoa","dada2","ASV","sequence similarity","blastn",96,1e-05,50,"LCA","YES","ASV table filtered on two parameters. If an ASV is present only in a single sample and only present in that sample at relative abundance < 0.001",-0.373173972949826,0.0244289198769301
"EvanMorien_COI_COIMetazoa_DADA2_C","EvanMorien_COI_COIMetazoa_DADA2","EvanMorien","COI","COIMetazoa","DADA2","C","COIMetazoa","dada2","ASV","sequence similarity","blastn",96,1e-05,50,"LCA","YES","ASV table filtered on two parameters. If an ASV is present only in a single sample and only present in that sample at relative abundance < 0.001",-0.395735715643171,-0.00246278223178603
"EvanMorien_COI_NCBILCABestHit_DADA2_A","EvanMorien_COI_NCBILCABestHit_DADA2","EvanMorien","COI","NCBILCABestHit","DADA2","A","NCBI","dada2","ASV","sequence similarity","blastn",96,1e-05,50,"LCA","YES","ASV table filtered on two parameters. If an ASV is present only in a single sample and only present in that sample at relative abundance < 0.001",-0.401878636885434,0.0601659468121703
"EvanMorien_COI_NCBILCABestHit_DADA2_B","EvanMorien_COI_NCBILCABestHit_DADA2","EvanMorien","COI","NCBILCABestHit","DADA2","B","NCBI","dada2","ASV","sequence similarity","blastn",96,1e-05,50,"LCA","YES","ASV table filtered on two parameters. If an ASV is present only in a single sample and only present in that sample at relative abundance < 0.001",-0.424436110826622,0.0661902194867308
"EvanMorien_COI_NCBILCABestHit_DADA2_C","EvanMorien_COI_NCBILCABestHit_DADA2","EvanMorien","COI","NCBILCABestHit","DADA2","C","NCBI","dada2","ASV","sequence similarity","blastn",96,1e-05,50,"LCA","YES","ASV table filtered on two parameters. If an ASV is present only in a single sample and only present in that sample at relative abundance < 0.001",-0.441757055939248,0.045418027507719
"EvanMorien_COI_NCBILCA_DADA2_A","EvanMorien_COI_NCBILCA_DADA2","EvanMorien","COI","NCBILCA","DADA2","A","NCBI","dada2","ASV","sequence similarity","blastn",96,1e-05,50,"LCA","YES","ASV table filtered on two parameters. If an ASV is present only in a single sample and only present in that sample at relative abundance < 0.001",-0.396364300170558,-0.0707886009210772
"EvanMorien_COI_NCBILCA_DADA2_B","EvanMorien_COI_NCBILCA_DADA2","EvanMorien","COI","NCBILCA","DADA2","B","NCBI","dada2","ASV","sequence similarity","blastn",96,1e-05,50,"LCA","YES","ASV table filtered on two parameters. If an ASV is present only in a single sample and only present in that sample at relative abundance < 0.001",-0.436806108133293,-0.0456620937143785
"EvanMorien_COI_NCBILCA_DADA2_C","EvanMorien_COI_NCBILCA_DADA2","EvanMorien","COI","NCBILCA","DADA2","C","NCBI","dada2","ASV","sequence similarity","blastn",96,1e-05,50,"LCA","YES","ASV table filtered on two parameters. If an ASV is present only in a single sample and only present in that sample at relative abundance < 0.001",-0.462193875987225,-0.0105250568388918
"FrankPanitz_12S_MifishDez2023_MiFish_A","FrankPanitz_12S_MifishDez2023_MiFish","FrankPanitz","12S","MifishDez2023","MiFish","A","MifishDez2023","other","OTU","sequence similarity","blastn",97,NA,NA,NA,NA,NA,0.134643245592683,0.0577467887030991
"FrankPanitz_12S_MifishDez2023_MiFish_B","FrankPanitz_12S_MifishDez2023_MiFish","FrankPanitz","12S","MifishDez2023","MiFish","B","MifishDez2023","other","OTU","sequence similarity","blastn",97,NA,NA,NA,NA,NA,0.0540768594581475,0.061780374340337
"FrankPanitz_12S_MifishDez2023_MiFish_C","FrankPanitz_12S_MifishDez2023_MiFish","FrankPanitz","12S","MifishDez2023","MiFish","C","MifishDez2023","other","OTU","sequence similarity","blastn",97,NA,NA,NA,NA,NA,0.0990317215240743,0.0459284393867546
"FrankPanitz_12S_mifishdbv3.83_MiFish_A","FrankPanitz_12S_mifishdbv3.83_MiFish","FrankPanitz","12S","mifishdbv3.83","MiFish","A","mifishdbv3.83","other","OTU","sequence similarity","blastn",97,NA,NA,NA,NA,NA,0.347732843400652,0.0924716313769583
"FrankPanitz_12S_mifishdbv3.83_MiFish_B","FrankPanitz_12S_mifishdbv3.83_MiFish","FrankPanitz","12S","mifishdbv3.83","MiFish","B","mifishdbv3.83","other","OTU","sequence similarity","blastn",97,NA,NA,NA,NA,NA,0.334196636889678,0.0695104779089761
"FrankPanitz_12S_mifishdbv3.83_MiFish_C","FrankPanitz_12S_mifishdbv3.83_MiFish","FrankPanitz","12S","mifishdbv3.83","MiFish","C","mifishdbv3.83","other","OTU","sequence similarity","blastn",97,NA,NA,NA,NA,NA,0.351376785408553,0.111013069606172
"KingslyChuoBeng_12S_12SAllFishDez2023_DADA2_A","KingslyChuoBeng_12S_12SAllFishDez2023_DADA2","KingslyChuoBeng","12S","12SAllFishDez2023","DADA2","A","12SAllFishDez2023","dada2","ASV","sequence composition","dada2",0.8,NA,NA,NA,"YES","pre-filter the sequences just to remove those with Ns but perform no other filtering",0.123903047388269,-0.0655712344643201
"KingslyChuoBeng_12S_12SAllFishDez2023_DADA2_B","KingslyChuoBeng_12S_12SAllFishDez2023_DADA2","KingslyChuoBeng","12S","12SAllFishDez2023","DADA2","B","12SAllFishDez2023","dada2","ASV","sequence composition","dada2",0.8,NA,NA,NA,"YES","pre-filter the sequences just to remove those with Ns but perform no other filtering",0.136559671797363,-0.0667096309043639
"KingslyChuoBeng_12S_12SAllFishDez2023_DADA2_C","KingslyChuoBeng_12S_12SAllFishDez2023_DADA2","KingslyChuoBeng","12S","12SAllFishDez2023","DADA2","C","12SAllFishDez2023","dada2","ASV","sequence composition","dada2",0.8,NA,NA,NA,"YES","pre-filter the sequences just to remove those with Ns but perform no other filtering",0.14404023678382,-0.0856005293918755
"KingslyChuoBeng_16S_16SAllFishDez2023_DADA2_A","KingslyChuoBeng_16S_16SAllFishDez2023_DADA2","KingslyChuoBeng","16S","16SAllFishDez2023","DADA2","A","16SAllFishDez2023","dada2","ASV","sequence composition","dada2",0.8,NA,NA,NA,"YES","pre-filter the sequences just to remove those with Ns but perform no other filtering",0.117278138315231,0.014726675458074
"KingslyChuoBeng_16S_16SAllFishDez2023_DADA2_B","KingslyChuoBeng_16S_16SAllFishDez2023_DADA2","KingslyChuoBeng","16S","16SAllFishDez2023","DADA2","B","16SAllFishDez2023","dada2","ASV","sequence composition","dada2",0.8,NA,NA,NA,"YES","pre-filter the sequences just to remove those with Ns but perform no other filtering",0.117743444264205,0.0120021450030441
"KingslyChuoBeng_16S_16SAllFishDez2023_DADA2_C","KingslyChuoBeng_16S_16SAllFishDez2023_DADA2","KingslyChuoBeng","16S","16SAllFishDez2023","DADA2","C","16SAllFishDez2023","dada2","ASV","sequence composition","dada2",0.8,NA,NA,NA,"YES","pre-filter the sequences just to remove those with Ns but perform no other filtering",0.123936811052756,0.0183407724799248
"KingslyChuoBeng_COI_COIAllFishDez2023_DADA2_A","KingslyChuoBeng_COI_COIAllFishDez2023_DADA2","KingslyChuoBeng","COI","COIAllFishDez2023","DADA2","A","COIAllFishDez2023","dada2","ASV","sequence composition","dada2",0.8,NA,NA,NA,"YES","pre-filter the sequences just to remove those with Ns but perform no other filtering",-0.411874359411161,0.0666965208619269
"KingslyChuoBeng_COI_COIAllFishDez2023_DADA2_B","KingslyChuoBeng_COI_COIAllFishDez2023_DADA2","KingslyChuoBeng","COI","COIAllFishDez2023","DADA2","B","COIAllFishDez2023","dada2","ASV","sequence composition","dada2",0.8,NA,NA,NA,"YES","pre-filter the sequences just to remove those with Ns but perform no other filtering",-0.433381456929258,0.074474474931135
"KingslyChuoBeng_COI_COIAllFishDez2023_DADA2_C","KingslyChuoBeng_COI_COIAllFishDez2023_DADA2","KingslyChuoBeng","COI","COIAllFishDez2023","DADA2","C","COIAllFishDez2023","dada2","ASV","sequence composition","dada2",0.8,NA,NA,NA,"YES","pre-filter the sequences just to remove those with Ns but perform no other filtering",-0.443976784295952,0.0427958036657852
"MadsReinholdtJensen_12S_nt_MetaBarFlow_A","MadsReinholdtJensen_12S_nt_MetaBarFlow","MadsReinholdtJensen","12S","nt","MetaBarFlow","A","nt","dada2","ASV","sequence similarity","blastn",80,NA,90,"LCA",NA,"",0.232220738534431,-0.163750540512152
"MadsReinholdtJensen_12S_nt_MetaBarFlow_B","MadsReinholdtJensen_12S_nt_MetaBarFlow","MadsReinholdtJensen","12S","nt","MetaBarFlow","B","nt","dada2","ASV","sequence similarity","blastn",80,NA,90,"LCA",NA,"",0.239079449630264,-0.202234329163549
"MadsReinholdtJensen_12S_nt_MetaBarFlow_C","MadsReinholdtJensen_12S_nt_MetaBarFlow","MadsReinholdtJensen","12S","nt","MetaBarFlow","C","nt","dada2","ASV","sequence similarity","blastn",80,NA,90,"LCA",NA,"",0.253974344308532,-0.200646683730992
"MadsReinholdtJensen_16S_nt_MetaBarFlow_A","MadsReinholdtJensen_16S_nt_MetaBarFlow","MadsReinholdtJensen","16S","nt","MetaBarFlow","A","nt","dada2","ASV","sequence similarity","blastn",80,NA,90,"LCA",NA,"",0.258707207106433,-0.0597177637347292
"MadsReinholdtJensen_16S_nt_MetaBarFlow_B","MadsReinholdtJensen_16S_nt_MetaBarFlow","MadsReinholdtJensen","16S","nt","MetaBarFlow","B","nt","dada2","ASV","sequence similarity","blastn",80,NA,90,"LCA",NA,"",0.159171807052703,-0.0340936105384404
"MadsReinholdtJensen_16S_nt_MetaBarFlow_C","MadsReinholdtJensen_16S_nt_MetaBarFlow","MadsReinholdtJensen","16S","nt","MetaBarFlow","C","nt","dada2","ASV","sequence similarity","blastn",80,NA,90,"LCA",NA,"",0.271008151030097,0.0255112261978857
"MariusEisele_COI_BOLD_UNOISE3metaMATE_A","MariusEisele_COI_BOLD_UNOISE3metaMATE","MariusEisele","COI","BOLD","UNOISE3metaMATE","A","BOLD","usearch","ASV","sequence similarity","blastn",NA,NA,NA,NA,NA,"kraken used for database filtering?",-0.366606486930902,0.111662794805932
"MariusEisele_COI_BOLD_UNOISE3metaMATE_B","MariusEisele_COI_BOLD_UNOISE3metaMATE","MariusEisele","COI","BOLD","UNOISE3metaMATE","B","BOLD","usearch","ASV","sequence similarity","blastn",NA,NA,NA,NA,NA,"kraken used for database filtering?",-0.322778132448805,0.114551885613042
"MariusEisele_COI_BOLD_UNOISE3metaMATE_C","MariusEisele_COI_BOLD_UNOISE3metaMATE","MariusEisele","COI","BOLD","UNOISE3metaMATE","C","BOLD","usearch","ASV","sequence similarity","blastn",NA,NA,NA,NA,NA,"kraken used for database filtering?",-0.374015252893734,0.109200712137888
"MykleHoban_12S_12SAllFishDez2023_rainbowbridge_A","MykleHoban_12S_12SAllFishDez2023_rainbowbridge","MykleHoban","12S","12SAllFishDez2023","rainbowbridge","A","12SAllFishDez2023","vsearch","OTU","sequence similarity","blastn",75,0.001,90,"LCA",NA,"",0.145654302341118,-0.225281511509014
"MykleHoban_12S_12SAllFishDez2023_rainbowbridge_B","MykleHoban_12S_12SAllFishDez2023_rainbowbridge","MykleHoban","12S","12SAllFishDez2023","rainbowbridge","B","12SAllFishDez2023","vsearch","OTU","sequence similarity","blastn",75,0.001,90,"LCA",NA,"",0.0627558693511441,-0.220998289624562
"MykleHoban_12S_12SAllFishDez2023_rainbowbridge_C","MykleHoban_12S_12SAllFishDez2023_rainbowbridge","MykleHoban","12S","12SAllFishDez2023","rainbowbridge","C","12SAllFishDez2023","vsearch","OTU","sequence similarity","blastn",75,0.001,90,"LCA",NA,"",0.085332520295626,-0.249214804015654
"MykleHoban_16S_16SAllFishDez2023_rainbowbridge_A","MykleHoban_16S_16SAllFishDez2023_rainbowbridge","MykleHoban","16S","16SAllFishDez2023","rainbowbridge","A","16SAllFishDez2023","vsearch","OTU","sequence similarity","blastn",75,0.001,90,"LCA",NA,"",0.288445751406505,-0.00797870237538977
"MykleHoban_16S_16SAllFishDez2023_rainbowbridge_B","MykleHoban_16S_16SAllFishDez2023_rainbowbridge","MykleHoban","16S","16SAllFishDez2023","rainbowbridge","B","16SAllFishDez2023","vsearch","OTU","sequence similarity","blastn",75,0.001,90,"LCA",NA,"",0.312740412877798,0.000729947105414714
"MykleHoban_16S_16SAllFishDez2023_rainbowbridge_C","MykleHoban_16S_16SAllFishDez2023_rainbowbridge","MykleHoban","16S","16SAllFishDez2023","rainbowbridge","C","16SAllFishDez2023","vsearch","OTU","sequence similarity","blastn",75,0.001,90,"LCA",NA,"",0.320019833253348,-0.0038089748965925
"MykleHoban_COI_COIMetazoa_rainbowbridge_A","MykleHoban_COI_COIMetazoa_rainbowbridge","MykleHoban","COI","COIMetazoa","rainbowbridge","A","COIMetazoa","vsearch","OTU","sequence similarity","blastn",75,0.001,90,"LCA",NA,"",-0.422931797278086,0.0760390032522745
"MykleHoban_COI_COIMetazoa_rainbowbridge_B","MykleHoban_COI_COIMetazoa_rainbowbridge","MykleHoban","COI","COIMetazoa","rainbowbridge","B","COIMetazoa","vsearch","OTU","sequence similarity","blastn",75,0.001,90,"LCA",NA,"",-0.43699752562383,0.0813972181546955
"MykleHoban_COI_COIMetazoa_rainbowbridge_C","MykleHoban_COI_COIMetazoa_rainbowbridge","MykleHoban","COI","COIMetazoa","rainbowbridge","C","COIMetazoa","vsearch","OTU","sequence similarity","blastn",75,0.001,90,"LCA",NA,"",-0.447385537527064,0.0563074747395691
"OnurDogan_COI_MIDORI2_APSCALE_A","OnurDogan_COI_MIDORI2_APSCALE","OnurDogan","COI","MIDORI2","APSCALE","A","MIDORI2","vsearch","OTU","sequence similarity","BOLDIGGER3",97,NA,NA,"LULU",NA,"",-0.449009225023174,0.133752757254208
"OnurDogan_COI_MIDORI2_APSCALE_B","OnurDogan_COI_MIDORI2_APSCALE","OnurDogan","COI","MIDORI2","APSCALE","B","MIDORI2","vsearch","OTU","sequence similarity","BOLDIGGER3",97,NA,NA,"LULU",NA,"",-0.442705319678392,0.118105270670315
"OnurDogan_COI_MIDORI2_APSCALE_C","OnurDogan_COI_MIDORI2_APSCALE","OnurDogan","COI","MIDORI2","APSCALE","C","MIDORI2","vsearch","OTU","sequence similarity","BOLDIGGER3",97,NA,NA,"LULU",NA,"",-0.434977639674292,0.10358720948453
"OnurDogan_COI_MIDORI2_APSCALEwithCuration_A","OnurDogan_COI_MIDORI2_APSCALEwithCuration","OnurDogan","COI","MIDORI2","APSCALEwithCuration","A","MIDORI2","vsearch","OTU","sequence similarity","BOLDIGGER3",97,NA,NA,"LULU","YES","Filtered results manually to get final list?",-0.525929329775225,0.0768660103070766
"OnurDogan_COI_MIDORI2_APSCALEwithCuration_B","OnurDogan_COI_MIDORI2_APSCALEwithCuration","OnurDogan","COI","MIDORI2","APSCALEwithCuration","B","MIDORI2","vsearch","OTU","sequence similarity","BOLDIGGER3",97,NA,NA,"LULU","YES","Filtered results manually to get final list?",-0.519869321001516,0.0733673979720151
"OnurDogan_COI_MIDORI2_APSCALEwithCuration_C","OnurDogan_COI_MIDORI2_APSCALEwithCuration","OnurDogan","COI","MIDORI2","APSCALEwithCuration","C","MIDORI2","vsearch","OTU","sequence similarity","BOLDIGGER3",97,NA,NA,"LULU","YES","Filtered results manually to get final list?",-0.506118999903817,0.0649323837261326
"PilarCabezas_12S_12SAllFishDez2023_pMiFishcurated_A","PilarCabezas_12S_12SAllFishDez2023_pMiFishcurated","PilarCabezas","12S","12SAllFishDez2023","pMiFishcurated","A","12SAllFishDez2023","usearch","OTU","sequence similarity","usearch",80,NA,NA,NA,"YES","Manually curated",0.140671900081617,-0.205890224001089
"PilarCabezas_12S_12SAllFishDez2023_pMiFishcurated_B","PilarCabezas_12S_12SAllFishDez2023_pMiFishcurated","PilarCabezas","12S","12SAllFishDez2023","pMiFishcurated","B","12SAllFishDez2023","usearch","OTU","sequence similarity","usearch",80,NA,NA,NA,"YES","Manually curated",0.0677636450453107,-0.208164136436506
"PilarCabezas_12S_12SAllFishDez2023_pMiFishcurated_C","PilarCabezas_12S_12SAllFishDez2023_pMiFishcurated","PilarCabezas","12S","12SAllFishDez2023","pMiFishcurated","C","12SAllFishDez2023","usearch","OTU","sequence similarity","usearch",80,NA,NA,NA,"YES","Manually curated",0.0956638090442501,-0.231771991541767
"PilarCabezas_12S_12SAllFishDez2023_pMiFishnoCuration_A","PilarCabezas_12S_12SAllFishDez2023_pMiFishnoCuration","PilarCabezas","12S","12SAllFishDez2023","pMiFishnoCuration","A","12SAllFishDez2023","usearch","OTU","sequence similarity","usearch",80,NA,NA,NA,NA,NA,0.0982096671193037,-0.31781079327856
"PilarCabezas_12S_12SAllFishDez2023_pMiFishnoCuration_B","PilarCabezas_12S_12SAllFishDez2023_pMiFishnoCuration","PilarCabezas","12S","12SAllFishDez2023","pMiFishnoCuration","B","12SAllFishDez2023","usearch","OTU","sequence similarity","usearch",80,NA,NA,NA,NA,NA,0.0513048147042095,-0.313914425386277
"PilarCabezas_12S_12SAllFishDez2023_pMiFishnoCuration_C","PilarCabezas_12S_12SAllFishDez2023_pMiFishnoCuration","PilarCabezas","12S","12SAllFishDez2023","pMiFishnoCuration","C","12SAllFishDez2023","usearch","OTU","sequence similarity","usearch",80,NA,NA,NA,NA,NA,0.0695150846919041,-0.343280199828593
"PilarCabezas_16S_16SAllFishDez2023_pMiFishcurated_A","PilarCabezas_16S_16SAllFishDez2023_pMiFishcurated","PilarCabezas","16S","16SAllFishDez2023","pMiFishcurated","A","16SAllFishDez2023","usearch","OTU","sequence similarity","usearch",80,NA,NA,NA,"YES","Manually curated",0.292094780083678,-0.0233967005391394
"PilarCabezas_16S_16SAllFishDez2023_pMiFishcurated_B","PilarCabezas_16S_16SAllFishDez2023_pMiFishcurated","PilarCabezas","16S","16SAllFishDez2023","pMiFishcurated","B","16SAllFishDez2023","usearch","OTU","sequence similarity","usearch",80,NA,NA,NA,"YES","Manually curated",0.30431293897906,-0.0249454264134953
"PilarCabezas_16S_16SAllFishDez2023_pMiFishcurated_C","PilarCabezas_16S_16SAllFishDez2023_pMiFishcurated","PilarCabezas","16S","16SAllFishDez2023","pMiFishcurated","C","16SAllFishDez2023","usearch","OTU","sequence similarity","usearch",80,NA,NA,NA,"YES","Manually curated",0.322478783914552,-0.0345129054310776
"PilarCabezas_16S_16SAllFishDez2023_pMiFishnoCuration_A","PilarCabezas_16S_16SAllFishDez2023_pMiFishnoCuration","PilarCabezas","16S","16SAllFishDez2023","pMiFishnoCuration","A","16SAllFishDez2023","usearch","OTU","sequence similarity","usearch",80,NA,NA,NA,NA,NA,0.215091664460434,-0.151338593599454
"PilarCabezas_16S_16SAllFishDez2023_pMiFishnoCuration_B","PilarCabezas_16S_16SAllFishDez2023_pMiFishnoCuration","PilarCabezas","16S","16SAllFishDez2023","pMiFishnoCuration","B","16SAllFishDez2023","usearch","OTU","sequence similarity","usearch",80,NA,NA,NA,NA,NA,0.221306841443813,-0.166530350112758
"PilarCabezas_16S_16SAllFishDez2023_pMiFishnoCuration_C","PilarCabezas_16S_16SAllFishDez2023_pMiFishnoCuration","PilarCabezas","16S","16SAllFishDez2023","pMiFishnoCuration","C","16SAllFishDez2023","usearch","OTU","sequence similarity","usearch",80,NA,NA,NA,NA,NA,0.229835220788726,-0.166539293922591
"PilarCabezas_COI_COIMetazoa_pMiFishcurated_A","PilarCabezas_COI_COIMetazoa_pMiFishcurated","PilarCabezas","COI","COIMetazoa","pMiFishcurated","A","COIMetazoa","usearch","OTU","sequence similarity","usearch",80,NA,NA,NA,"YES","Manually curated",-0.398191681984309,0.105048015398677
"PilarCabezas_COI_COIMetazoa_pMiFishcurated_B","PilarCabezas_COI_COIMetazoa_pMiFishcurated","PilarCabezas","COI","COIMetazoa","pMiFishcurated","B","COIMetazoa","usearch","OTU","sequence similarity","usearch",80,NA,NA,NA,"YES","Manually curated",-0.416777947434785,0.0949487226495433
"PilarCabezas_COI_COIMetazoa_pMiFishcurated_C","PilarCabezas_COI_COIMetazoa_pMiFishcurated","PilarCabezas","COI","COIMetazoa","pMiFishcurated","C","COIMetazoa","usearch","OTU","sequence similarity","usearch",80,NA,NA,NA,"YES","Manually curated",-0.440270456547292,0.0816232717111451
"PilarCabezas_COI_COIMetazoa_pMiFishnoCuration_A","PilarCabezas_COI_COIMetazoa_pMiFishnoCuration","PilarCabezas","COI","COIMetazoa","pMiFishnoCuration","A","COIMetazoa","usearch","OTU","sequence similarity","usearch",80,NA,NA,NA,NA,NA,-0.374976722503085,0.106425239075312
"PilarCabezas_COI_COIMetazoa_pMiFishnoCuration_B","PilarCabezas_COI_COIMetazoa_pMiFishnoCuration","PilarCabezas","COI","COIMetazoa","pMiFishnoCuration","B","COIMetazoa","usearch","OTU","sequence similarity","usearch",80,NA,NA,NA,NA,NA,-0.39917505131684,0.104537966636438
"PilarCabezas_COI_COIMetazoa_pMiFishnoCuration_C","PilarCabezas_COI_COIMetazoa_pMiFishnoCuration","PilarCabezas","COI","COIMetazoa","pMiFishnoCuration","C","COIMetazoa","usearch","OTU","sequence similarity","usearch",80,NA,NA,NA,NA,NA,-0.429741883649336,0.0751038989867136
"SaaraSuominen_12S_12SAllFishDez2023_MetaWorksASV_A","SaaraSuominen_12S_12SAllFishDez2023_MetaWorksASV","SaaraSuominen","12S","12SAllFishDez2023","MetaWorksASV","A","12SAllFishDez2023","vsearch","ASV","sequence composition","rdp",NA,NA,NA,NA,NA,NA,0.16230344982713,-0.379055502944023
"SaaraSuominen_12S_12SAllFishDez2023_MetaWorksASV_B","SaaraSuominen_12S_12SAllFishDez2023_MetaWorksASV","SaaraSuominen","12S","12SAllFishDez2023","MetaWorksASV","B","12SAllFishDez2023","vsearch","ASV","sequence composition","rdp",NA,NA,NA,NA,NA,NA,0.166239335148572,-0.394560579137275
"SaaraSuominen_12S_12SAllFishDez2023_MetaWorksASV_C","SaaraSuominen_12S_12SAllFishDez2023_MetaWorksASV","SaaraSuominen","12S","12SAllFishDez2023","MetaWorksASV","C","12SAllFishDez2023","vsearch","ASV","sequence composition","rdp",NA,NA,NA,NA,NA,NA,0.169063955467788,-0.395975498729197
"SaaraSuominen_12S_12SAllFishDez2023_MetaWorksOTU_A","SaaraSuominen_12S_12SAllFishDez2023_MetaWorksOTU","SaaraSuominen","12S","12SAllFishDez2023","MetaWorksOTU","A","12SAllFishDez2023","vsearch","OTU","sequence composition","rdp",NA,NA,NA,NA,NA,NA,0.0855896910081241,-0.24809594702298
"SaaraSuominen_12S_12SAllFishDez2023_MetaWorksOTU_B","SaaraSuominen_12S_12SAllFishDez2023_MetaWorksOTU","SaaraSuominen","12S","12SAllFishDez2023","MetaWorksOTU","B","12SAllFishDez2023","vsearch","OTU","sequence composition","rdp",NA,NA,NA,NA,NA,NA,0.0282997095468938,-0.253188204084784
"SaaraSuominen_12S_12SAllFishDez2023_MetaWorksOTU_C","SaaraSuominen_12S_12SAllFishDez2023_MetaWorksOTU","SaaraSuominen","12S","12SAllFishDez2023","MetaWorksOTU","C","12SAllFishDez2023","vsearch","OTU","sequence composition","rdp",NA,NA,NA,NA,NA,NA,0.0485752300548021,-0.284569906777305
"SaaraSuominen_12S_12SAllFishDez2023_PacMAN_A","SaaraSuominen_12S_12SAllFishDez2023_PacMAN","SaaraSuominen","12S","12SAllFishDez2023","PacMAN","A","12SAllFishDez2023","dada2","ASV","sequence composition","rdp",0.8,NA,NA,NA,NA,NA,0.215600151856486,-0.418842000707178
"SaaraSuominen_12S_12SAllFishDez2023_PacMAN_B","SaaraSuominen_12S_12SAllFishDez2023_PacMAN","SaaraSuominen","12S","12SAllFishDez2023","PacMAN","B","12SAllFishDez2023","dada2","ASV","sequence composition","rdp",0.8,NA,NA,NA,NA,NA,0.204851449339336,-0.415982869300839
"SaaraSuominen_12S_12SAllFishDez2023_PacMAN_C","SaaraSuominen_12S_12SAllFishDez2023_PacMAN","SaaraSuominen","12S","12SAllFishDez2023","PacMAN","C","12SAllFishDez2023","dada2","ASV","sequence composition","rdp",0.8,NA,NA,NA,NA,NA,0.212894345782232,-0.422459588418261
"SaaraSuominen_12S_12SCRABSCustom_MetaWorksASV_A","SaaraSuominen_12S_12SCRABSCustom_MetaWorksASV","SaaraSuominen","12S","12SCRABSCustom","MetaWorksASV","A","NCBI","vsearch","ASV","sequence composition","rdp",NA,NA,NA,NA,NA,NA,0.0971899514133774,-0.246983250501047
"SaaraSuominen_12S_12SCRABSCustom_MetaWorksASV_B","SaaraSuominen_12S_12SCRABSCustom_MetaWorksASV","SaaraSuominen","12S","12SCRABSCustom","MetaWorksASV","B","NCBI","vsearch","ASV","sequence composition","rdp",NA,NA,NA,NA,NA,NA,0.0511823928070795,-0.268558998024166
"SaaraSuominen_12S_12SCRABSCustom_MetaWorksASV_C","SaaraSuominen_12S_12SCRABSCustom_MetaWorksASV","SaaraSuominen","12S","12SCRABSCustom","MetaWorksASV","C","NCBI","vsearch","ASV","sequence composition","rdp",NA,NA,NA,NA,NA,NA,0.0695976075625657,-0.293195803595374
"SaaraSuominen_12S_12SCRABSCustom_MetaWorksOTU_A","SaaraSuominen_12S_12SCRABSCustom_MetaWorksOTU","SaaraSuominen","12S","12SCRABSCustom","MetaWorksOTU","A","NCBI","vsearch","OTU","sequence composition","rdp",NA,NA,NA,NA,NA,NA,0.0855896910081241,-0.248095947022979
"SaaraSuominen_12S_12SCRABSCustom_MetaWorksOTU_B","SaaraSuominen_12S_12SCRABSCustom_MetaWorksOTU","SaaraSuominen","12S","12SCRABSCustom","MetaWorksOTU","B","NCBI","vsearch","OTU","sequence composition","rdp",NA,NA,NA,NA,NA,NA,0.0282997095468938,-0.253188204084784
"SaaraSuominen_12S_12SCRABSCustom_MetaWorksOTU_C","SaaraSuominen_12S_12SCRABSCustom_MetaWorksOTU","SaaraSuominen","12S","12SCRABSCustom","MetaWorksOTU","C","NCBI","vsearch","OTU","sequence composition","rdp",NA,NA,NA,NA,NA,NA,0.0485752300548021,-0.284569906777305
"SaaraSuominen_12S_12SMifishncbint_PacMAN_A","SaaraSuominen_12S_12SMifishncbint_PacMAN","SaaraSuominen","12S","12SMifishncbint","PacMAN","A","12SMifishncbint","dada2","ASV","sequence composition","rdp",0.8,NA,NA,NA,NA,NA,0.0828105768257651,-0.260369192202335
"SaaraSuominen_12S_12SMifishncbint_PacMAN_B","SaaraSuominen_12S_12SMifishncbint_PacMAN","SaaraSuominen","12S","12SMifishncbint","PacMAN","B","12SMifishncbint","dada2","ASV","sequence composition","rdp",0.8,NA,NA,NA,NA,NA,0.0277600627667065,-0.265968313737356
"SaaraSuominen_12S_12SMifishncbint_PacMAN_C","SaaraSuominen_12S_12SMifishncbint_PacMAN","SaaraSuominen","12S","12SMifishncbint","PacMAN","C","12SMifishncbint","dada2","ASV","sequence composition","rdp",0.8,NA,NA,NA,NA,NA,0.0530742422742857,-0.301165397901221
"SaaraSuominen_12S_TerrimporterFish_MetaWorksASV_A","SaaraSuominen_12S_TerrimporterFish_MetaWorksASV","SaaraSuominen","12S","TerrimporterFish","MetaWorksASV","A","TerrimporterFish","vsearch","ASV","sequence composition","rdp",NA,NA,NA,NA,NA,NA,0.39840378100769,0.199902493619944
"SaaraSuominen_12S_TerrimporterFish_MetaWorksASV_B","SaaraSuominen_12S_TerrimporterFish_MetaWorksASV","SaaraSuominen","12S","TerrimporterFish","MetaWorksASV","B","TerrimporterFish","vsearch","ASV","sequence composition","rdp",NA,NA,NA,NA,NA,NA,0.385843002641631,0.172228918361297
"SaaraSuominen_12S_TerrimporterFish_MetaWorksASV_C","SaaraSuominen_12S_TerrimporterFish_MetaWorksASV","SaaraSuominen","12S","TerrimporterFish","MetaWorksASV","C","TerrimporterFish","vsearch","ASV","sequence composition","rdp",NA,NA,NA,NA,NA,NA,0.391491341230259,0.189684558751443
"SaaraSuominen_12S_TerrimporterFish_MetaWorksOTU_A","SaaraSuominen_12S_TerrimporterFish_MetaWorksOTU","SaaraSuominen","12S","TerrimporterFish","MetaWorksOTU","A","TerrimporterFish","vsearch","OTU","sequence composition","rdp",NA,NA,NA,NA,NA,NA,0.402207159012692,0.182108605476577
"SaaraSuominen_12S_TerrimporterFish_MetaWorksOTU_B","SaaraSuominen_12S_TerrimporterFish_MetaWorksOTU","SaaraSuominen","12S","TerrimporterFish","MetaWorksOTU","B","TerrimporterFish","vsearch","OTU","sequence composition","rdp",NA,NA,NA,NA,NA,NA,0.376496537910173,0.162612447327741
"SaaraSuominen_12S_TerrimporterFish_MetaWorksOTU_C","SaaraSuominen_12S_TerrimporterFish_MetaWorksOTU","SaaraSuominen","12S","TerrimporterFish","MetaWorksOTU","C","TerrimporterFish","vsearch","OTU","sequence composition","rdp",NA,NA,NA,NA,NA,NA,0.383420967366824,0.175777481202272
"SaaraSuominen_12S_TerrimporterVert_MetaWorksASV_A","SaaraSuominen_12S_TerrimporterVert_MetaWorksASV","SaaraSuominen","12S","TerrimporterVert","MetaWorksASV","A","TerrimporterVert","vsearch","ASV","sequence composition","rdp",NA,NA,NA,NA,NA,NA,0.278702936337919,-0.0820089584784487
"SaaraSuominen_12S_TerrimporterVert_MetaWorksASV_B","SaaraSuominen_12S_TerrimporterVert_MetaWorksASV","SaaraSuominen","12S","TerrimporterVert","MetaWorksASV","B","TerrimporterVert","vsearch","ASV","sequence composition","rdp",NA,NA,NA,NA,NA,NA,0.258823637284046,-0.0887413581464703
"SaaraSuominen_12S_TerrimporterVert_MetaWorksASV_C","SaaraSuominen_12S_TerrimporterVert_MetaWorksASV","SaaraSuominen","12S","TerrimporterVert","MetaWorksASV","C","TerrimporterVert","vsearch","ASV","sequence composition","rdp",NA,NA,NA,NA,NA,NA,0.274947744161261,-0.106958306475286
"SaaraSuominen_12S_TerrimporterVert_MetaWorksOTU_A","SaaraSuominen_12S_TerrimporterVert_MetaWorksOTU","SaaraSuominen","12S","TerrimporterVert","MetaWorksOTU","A","TerrimporterVert","vsearch","OTU","sequence composition","rdp",NA,NA,NA,NA,NA,NA,0.278380136344376,-0.0767056195628627
"SaaraSuominen_12S_TerrimporterVert_MetaWorksOTU_B","SaaraSuominen_12S_TerrimporterVert_MetaWorksOTU","SaaraSuominen","12S","TerrimporterVert","MetaWorksOTU","B","TerrimporterVert","vsearch","OTU","sequence composition","rdp",NA,NA,NA,NA,NA,NA,0.250151391652206,-0.0824438344379884
"SaaraSuominen_12S_TerrimporterVert_MetaWorksOTU_C","SaaraSuominen_12S_TerrimporterVert_MetaWorksOTU","SaaraSuominen","12S","TerrimporterVert","MetaWorksOTU","C","TerrimporterVert","vsearch","OTU","sequence composition","rdp",NA,NA,NA,NA,NA,NA,0.26525681926851,-0.103847327737106
"SaaraSuominen_16S_16S-ncbi_PacMAN_A","SaaraSuominen_16S_16S-ncbi_PacMAN","SaaraSuominen","16S","16S-ncbi","PacMAN","A","NCBI","dada2","ASV","sequence composition","rdp",0.8,NA,NA,NA,NA,NA,0.344677846158404,0.30794105111496
"SaaraSuominen_16S_16S-ncbi_PacMAN_B","SaaraSuominen_16S_16S-ncbi_PacMAN","SaaraSuominen","16S","16S-ncbi","PacMAN","B","NCBI","dada2","ASV","sequence composition","rdp",0.8,NA,NA,NA,NA,NA,0.354513238488694,0.348109448142968
"SaaraSuominen_16S_16S-ncbi_PacMAN_C","SaaraSuominen_16S_16S-ncbi_PacMAN","SaaraSuominen","16S","16S-ncbi","PacMAN","C","NCBI","dada2","ASV","sequence composition","rdp",0.8,NA,NA,NA,NA,NA,0.375947417126841,0.316016173383107
"SaaraSuominen_16S_16SAllFishDez2023_MetaWorksASV_A","SaaraSuominen_16S_16SAllFishDez2023_MetaWorksASV","SaaraSuominen","16S","16SAllFishDez2023","MetaWorksASV","A","16SAllFishDez2023","vsearch","ASV","sequence composition","rdp",NA,NA,NA,NA,NA,NA,0.29656572391642,0.310436014393076
"SaaraSuominen_16S_16SAllFishDez2023_MetaWorksASV_B","SaaraSuominen_16S_16SAllFishDez2023_MetaWorksASV","SaaraSuominen","16S","16SAllFishDez2023","MetaWorksASV","B","16SAllFishDez2023","vsearch","ASV","sequence composition","rdp",NA,NA,NA,NA,NA,NA,0.314044817270957,0.339965795329824
"SaaraSuominen_16S_16SAllFishDez2023_MetaWorksASV_C","SaaraSuominen_16S_16SAllFishDez2023_MetaWorksASV","SaaraSuominen","16S","16SAllFishDez2023","MetaWorksASV","C","16SAllFishDez2023","vsearch","ASV","sequence composition","rdp",NA,NA,NA,NA,NA,NA,0.313976193450585,0.337341006877581
"SaaraSuominen_16S_16SAllFishDez2023_MetaWorksOTU_A","SaaraSuominen_16S_16SAllFishDez2023_MetaWorksOTU","SaaraSuominen","16S","16SAllFishDez2023","MetaWorksOTU","A","16SAllFishDez2023","vsearch","OTU","sequence composition","rdp",NA,NA,NA,NA,NA,NA,0.288663457454918,0.305374021121817
"SaaraSuominen_16S_16SAllFishDez2023_MetaWorksOTU_B","SaaraSuominen_16S_16SAllFishDez2023_MetaWorksOTU","SaaraSuominen","16S","16SAllFishDez2023","MetaWorksOTU","B","16SAllFishDez2023","vsearch","OTU","sequence composition","rdp",NA,NA,NA,NA,NA,NA,0.315581290733161,0.335181607398657
"SaaraSuominen_16S_16SAllFishDez2023_MetaWorksOTU_C","SaaraSuominen_16S_16SAllFishDez2023_MetaWorksOTU","SaaraSuominen","16S","16SAllFishDez2023","MetaWorksOTU","C","16SAllFishDez2023","vsearch","OTU","sequence composition","rdp",NA,NA,NA,NA,NA,NA,0.304623042573634,0.325877691205918
"SaaraSuominen_16S_16SAllFishDez2023_PacMAN_A","SaaraSuominen_16S_16SAllFishDez2023_PacMAN","SaaraSuominen","16S","16SAllFishDez2023","PacMAN","A","16SAllFishDez2023","dada2","ASV","sequence composition","rdp",0.8,NA,NA,NA,NA,NA,0.297627393171961,0.262398643819139
"SaaraSuominen_16S_16SAllFishDez2023_PacMAN_B","SaaraSuominen_16S_16SAllFishDez2023_PacMAN","SaaraSuominen","16S","16SAllFishDez2023","PacMAN","B","16SAllFishDez2023","dada2","ASV","sequence composition","rdp",0.8,NA,NA,NA,NA,NA,0.30778644312162,0.284116458050921
"SaaraSuominen_16S_16SAllFishDez2023_PacMAN_C","SaaraSuominen_16S_16SAllFishDez2023_PacMAN","SaaraSuominen","16S","16SAllFishDez2023","PacMAN","C","16SAllFishDez2023","dada2","ASV","sequence composition","rdp",0.8,NA,NA,NA,NA,NA,0.32299377675471,0.272648113029244
"SaaraSuominen_16S_16SCRABSCustom_MetaWorksASV_A","SaaraSuominen_16S_16SCRABSCustom_MetaWorksASV","SaaraSuominen","16S","16SCRABSCustom","MetaWorksASV","A","NCBI","vsearch","ASV","sequence composition","rdp",NA,NA,NA,NA,NA,NA,0.340004323106734,0.321213827537396
"SaaraSuominen_16S_16SCRABSCustom_MetaWorksASV_B","SaaraSuominen_16S_16SCRABSCustom_MetaWorksASV","SaaraSuominen","16S","16SCRABSCustom","MetaWorksASV","B","NCBI","vsearch","ASV","sequence composition","rdp",NA,NA,NA,NA,NA,NA,0.354302854069655,0.356173916316217
"SaaraSuominen_16S_16SCRABSCustom_MetaWorksASV_C","SaaraSuominen_16S_16SCRABSCustom_MetaWorksASV","SaaraSuominen","16S","16SCRABSCustom","MetaWorksASV","C","NCBI","vsearch","ASV","sequence composition","rdp",NA,NA,NA,NA,NA,NA,0.370117763280245,0.340180931005822
"SaaraSuominen_16S_16SCRABSCustom_MetaWorksOTU_A","SaaraSuominen_16S_16SCRABSCustom_MetaWorksOTU","SaaraSuominen","16S","16SCRABSCustom","MetaWorksOTU","A","NCBI","vsearch","OTU","sequence composition","rdp",NA,NA,NA,NA,NA,NA,0.331086966008277,0.323610989772473
"SaaraSuominen_16S_16SCRABSCustom_MetaWorksOTU_B","SaaraSuominen_16S_16SCRABSCustom_MetaWorksOTU","SaaraSuominen","16S","16SCRABSCustom","MetaWorksOTU","B","NCBI","vsearch","OTU","sequence composition","rdp",NA,NA,NA,NA,NA,NA,0.353594591552454,0.359211277481122
"SaaraSuominen_16S_16SCRABSCustom_MetaWorksOTU_C","SaaraSuominen_16S_16SCRABSCustom_MetaWorksOTU","SaaraSuominen","16S","16SCRABSCustom","MetaWorksOTU","C","NCBI","vsearch","OTU","sequence composition","rdp",NA,NA,NA,NA,NA,NA,0.35697575221388,0.339189105970758
"SaaraSuominen_COI_COICRABSCustom_MetaWorksASV_A","SaaraSuominen_COI_COICRABSCustom_MetaWorksASV","SaaraSuominen","COI","COICRABSCustom","MetaWorksASV","A","NCBI","vsearch","ASV","sequence composition","rdp",NA,NA,NA,NA,NA,NA,-0.288132066425755,0.0231505410752688
"SaaraSuominen_COI_COICRABSCustom_MetaWorksASV_B","SaaraSuominen_COI_COICRABSCustom_MetaWorksASV","SaaraSuominen","COI","COICRABSCustom","MetaWorksASV","B","NCBI","vsearch","ASV","sequence composition","rdp",NA,NA,NA,NA,NA,NA,-0.313790870618594,0.0115233507745062
"SaaraSuominen_COI_COICRABSCustom_MetaWorksASV_C","SaaraSuominen_COI_COICRABSCustom_MetaWorksASV","SaaraSuominen","COI","COICRABSCustom","MetaWorksASV","C","NCBI","vsearch","ASV","sequence composition","rdp",NA,NA,NA,NA,NA,NA,-0.366003441512868,-0.0221116133639467
"SaaraSuominen_COI_COICRABSCustom_MetaWorksOTUPseudogenefiltering_A","SaaraSuominen_COI_COICRABSCustom_MetaWorksOTUPseudogenefiltering","SaaraSuominen","COI","COICRABSCustom","MetaWorksOTUPseudogenefiltering","A","NCBI","vsearch","OTU","sequence composition","rdp",NA,NA,NA,NA,"YES","pseudogene removal",-0.333970277962939,0.0579022362159375
"SaaraSuominen_COI_COICRABSCustom_MetaWorksOTUPseudogenefiltering_B","SaaraSuominen_COI_COICRABSCustom_MetaWorksOTUPseudogenefiltering","SaaraSuominen","COI","COICRABSCustom","MetaWorksOTUPseudogenefiltering","B","NCBI","vsearch","OTU","sequence composition","rdp",NA,NA,NA,NA,"YES","pseudogene removal",-0.356392161934391,0.0455655396153581
"SaaraSuominen_COI_COICRABSCustom_MetaWorksOTUPseudogenefiltering_C","SaaraSuominen_COI_COICRABSCustom_MetaWorksOTUPseudogenefiltering","SaaraSuominen","COI","COICRABSCustom","MetaWorksOTUPseudogenefiltering","C","NCBI","vsearch","OTU","sequence composition","rdp",NA,NA,NA,NA,"YES","pseudogene removal",-0.371874646409221,0.0297903557435913
"SaaraSuominen_COI_COICRABSCustom_MetaWorksOTU_A","SaaraSuominen_COI_COICRABSCustom_MetaWorksOTU","SaaraSuominen","COI","COICRABSCustom","MetaWorksOTU","A","NCBI","vsearch","OTU","sequence composition","rdp",NA,NA,NA,NA,NA,NA,-0.333970277962939,0.0579022362159375
"SaaraSuominen_COI_COICRABSCustom_MetaWorksOTU_B","SaaraSuominen_COI_COICRABSCustom_MetaWorksOTU","SaaraSuominen","COI","COICRABSCustom","MetaWorksOTU","B","NCBI","vsearch","OTU","sequence composition","rdp",NA,NA,NA,NA,NA,NA,-0.356392161934391,0.0455655396153581
"SaaraSuominen_COI_COICRABSCustom_MetaWorksOTU_C","SaaraSuominen_COI_COICRABSCustom_MetaWorksOTU","SaaraSuominen","COI","COICRABSCustom","MetaWorksOTU","C","NCBI","vsearch","OTU","sequence composition","rdp",NA,NA,NA,NA,NA,NA,-0.371874646409222,0.0297903557435913
"SaaraSuominen_COI_COINCBInt_PacMAN_A","SaaraSuominen_COI_COINCBInt_PacMAN","SaaraSuominen","COI","COINCBInt","PacMAN","A","COINCBInt","dada2","ASV","sequence composition","rdp",0.8,NA,NA,NA,NA,NA,-0.325896755242131,0.0531772056122548
"SaaraSuominen_COI_COINCBInt_PacMAN_B","SaaraSuominen_COI_COINCBInt_PacMAN","SaaraSuominen","COI","COINCBInt","PacMAN","B","COINCBInt","dada2","ASV","sequence composition","rdp",0.8,NA,NA,NA,NA,NA,-0.35542880634424,0.0434790442930518
"SaaraSuominen_COI_COINCBInt_PacMAN_C","SaaraSuominen_COI_COINCBInt_PacMAN","SaaraSuominen","COI","COINCBInt","PacMAN","C","COINCBInt","dada2","ASV","sequence composition","rdp",0.8,NA,NA,NA,NA,NA,-0.374336582417503,0.0235312183045217
"StenAnslan_12S_12SAllFishDez2023_PipeCraft2 DADA2 ASV_A","StenAnslan_12S_12SAllFishDez2023_PipeCraft2 DADA2 ASV","StenAnslan","12S","12SAllFishDez2023","PipeCraft2 DADA2 ASV","A","12SAllFishDez2023","dada2","ASV","sequence similarity","blastn",NA,0.001,NA,NA,NA,NA,0.0943241969723305,0.0414431484777086
"StenAnslan_12S_12SAllFishDez2023_PipeCraft2 DADA2 ASV_B","StenAnslan_12S_12SAllFishDez2023_PipeCraft2 DADA2 ASV","StenAnslan","12S","12SAllFishDez2023","PipeCraft2 DADA2 ASV","B","12SAllFishDez2023","dada2","ASV","sequence similarity","blastn",NA,0.001,NA,NA,NA,NA,0.0673902871795293,0.0420896511418128
"StenAnslan_12S_12SAllFishDez2023_PipeCraft2 DADA2 ASV_C","StenAnslan_12S_12SAllFishDez2023_PipeCraft2 DADA2 ASV","StenAnslan","12S","12SAllFishDez2023","PipeCraft2 DADA2 ASV","C","12SAllFishDez2023","dada2","ASV","sequence similarity","blastn",NA,0.001,NA,NA,NA,NA,0.079729284744589,0.0373120882942945
"StenAnslan_12S_12SAllFishDez2023_PipeCraft2 DADA2 OTU_A","StenAnslan_12S_12SAllFishDez2023_PipeCraft2 DADA2 OTU","StenAnslan","12S","12SAllFishDez2023","PipeCraft2 DADA2 OTU","A","12SAllFishDez2023","dada2","OTU","sequence similarity","blastn",NA,0.001,NA,"LULU",NA,NA,0.141925274978949,0.116178172172658
"StenAnslan_12S_12SAllFishDez2023_PipeCraft2 DADA2 OTU_B","StenAnslan_12S_12SAllFishDez2023_PipeCraft2 DADA2 OTU","StenAnslan","12S","12SAllFishDez2023","PipeCraft2 DADA2 OTU","B","12SAllFishDez2023","dada2","OTU","sequence similarity","blastn",NA,0.001,NA,"LULU",NA,NA,0.102348919941541,0.0942361364425078
"StenAnslan_12S_12SAllFishDez2023_PipeCraft2 DADA2 OTU_C","StenAnslan_12S_12SAllFishDez2023_PipeCraft2 DADA2 OTU","StenAnslan","12S","12SAllFishDez2023","PipeCraft2 DADA2 OTU","C","12SAllFishDez2023","dada2","OTU","sequence similarity","blastn",NA,0.001,NA,"LULU",NA,NA,0.115639545918809,0.0897730736901358
"StenAnslan_16S_16SAllFishDez2023_PipeCraft2 DADA2 ASV_A","StenAnslan_16S_16SAllFishDez2023_PipeCraft2 DADA2 ASV","StenAnslan","16S","16SAllFishDez2023","PipeCraft2 DADA2 ASV","A","16SAllFishDez2023","dada2","ASV","sequence similarity","blastn",NA,0.001,NA,NA,NA,NA,0.227825641160547,0.0651476773862388
"StenAnslan_16S_16SAllFishDez2023_PipeCraft2 DADA2 ASV_B","StenAnslan_16S_16SAllFishDez2023_PipeCraft2 DADA2 ASV","StenAnslan","16S","16SAllFishDez2023","PipeCraft2 DADA2 ASV","B","16SAllFishDez2023","dada2","ASV","sequence similarity","blastn",NA,0.001,NA,NA,NA,NA,0.204423848492051,0.0556643991424008
"StenAnslan_16S_16SAllFishDez2023_PipeCraft2 DADA2 ASV_C","StenAnslan_16S_16SAllFishDez2023_PipeCraft2 DADA2 ASV","StenAnslan","16S","16SAllFishDez2023","PipeCraft2 DADA2 ASV","C","16SAllFishDez2023","dada2","ASV","sequence similarity","blastn",NA,0.001,NA,NA,NA,NA,0.281358882324898,0.046811811390136
"StenAnslan_16S_16SAllFishDez2023_PipeCraft2 DADA2 OTU_A","StenAnslan_16S_16SAllFishDez2023_PipeCraft2 DADA2 OTU","StenAnslan","16S","16SAllFishDez2023","PipeCraft2 DADA2 OTU","A","16SAllFishDez2023","dada2","OTU","sequence similarity","blastn",NA,0.001,NA,"LULU",NA,NA,0.236734119827798,0.0739475360579444
"StenAnslan_16S_16SAllFishDez2023_PipeCraft2 DADA2 OTU_B","StenAnslan_16S_16SAllFishDez2023_PipeCraft2 DADA2 OTU","StenAnslan","16S","16SAllFishDez2023","PipeCraft2 DADA2 OTU","B","16SAllFishDez2023","dada2","OTU","sequence similarity","blastn",NA,0.001,NA,"LULU",NA,NA,0.216209044609767,0.0646911166325272
"StenAnslan_16S_16SAllFishDez2023_PipeCraft2 DADA2 OTU_C","StenAnslan_16S_16SAllFishDez2023_PipeCraft2 DADA2 OTU","StenAnslan","16S","16SAllFishDez2023","PipeCraft2 DADA2 OTU","C","16SAllFishDez2023","dada2","OTU","sequence similarity","blastn",NA,0.001,NA,"LULU",NA,NA,0.281358882324898,0.046811811390136
"StenAnslan_16S_COIMetazoa_PipeCraft2 DADA2 ASV_A","StenAnslan_16S_COIMetazoa_PipeCraft2 DADA2 ASV","StenAnslan","16S","COIMetazoa","PipeCraft2 DADA2 ASV","A","COIMetazoa","dada2","ASV","sequence similarity","blastn",NA,0.001,NA,NA,NA,NA,-0.145581827692163,-0.246611524208148
"StenAnslan_16S_COIMetazoa_PipeCraft2 DADA2 ASV_B","StenAnslan_16S_COIMetazoa_PipeCraft2 DADA2 ASV","StenAnslan","16S","COIMetazoa","PipeCraft2 DADA2 ASV","B","COIMetazoa","dada2","ASV","sequence similarity","blastn",NA,0.001,NA,NA,NA,NA,-0.117111960359308,-0.23998719319097
"StenAnslan_16S_COIMetazoa_PipeCraft2 DADA2 ASV_C","StenAnslan_16S_COIMetazoa_PipeCraft2 DADA2 ASV","StenAnslan","16S","COIMetazoa","PipeCraft2 DADA2 ASV","C","COIMetazoa","dada2","ASV","sequence similarity","blastn",NA,0.001,NA,NA,NA,NA,-0.203264758086128,-0.222734238290813
"StenAnslan_COI_COIMetazoa_PipeCraft2 DADA2 OTU_A","StenAnslan_COI_COIMetazoa_PipeCraft2 DADA2 OTU","StenAnslan","COI","COIMetazoa","PipeCraft2 DADA2 OTU","A","COIMetazoa","dada2","OTU","sequence similarity","blastn",NA,0.001,NA,"LULU",NA,NA,-0.145581827692163,-0.246611524208148
"StenAnslan_COI_COIMetazoa_PipeCraft2 DADA2 OTU_B","StenAnslan_COI_COIMetazoa_PipeCraft2 DADA2 OTU","StenAnslan","COI","COIMetazoa","PipeCraft2 DADA2 OTU","B","COIMetazoa","dada2","OTU","sequence similarity","blastn",NA,0.001,NA,"LULU",NA,NA,-0.117111960359308,-0.23998719319097
"StenAnslan_COI_COIMetazoa_PipeCraft2 DADA2 OTU_C","StenAnslan_COI_COIMetazoa_PipeCraft2 DADA2 OTU","StenAnslan","COI","COIMetazoa","PipeCraft2 DADA2 OTU","C","COIMetazoa","dada2","OTU","sequence similarity","blastn",NA,0.001,NA,"LULU",NA,NA,-0.203264758086128,-0.222734238290813
"TomasVetrovsky_12S_12SAllFishDez2023_SEED2_A","TomasVetrovsky_12S_12SAllFishDez2023_SEED2","TomasVetrovsky","12S","12SAllFishDez2023","SEED2","A","12SAllFishDez2023","SEED2","OTU","sequence similarity","blastn",NA,NA,NA,NA,NA,NA,0.0989626580316417,-0.00982661513795837
"TomasVetrovsky_12S_12SAllFishDez2023_SEED2_B","TomasVetrovsky_12S_12SAllFishDez2023_SEED2","TomasVetrovsky","12S","12SAllFishDez2023","SEED2","B","12SAllFishDez2023","SEED2","OTU","sequence similarity","blastn",NA,NA,NA,NA,NA,NA,0.0974477913614583,-0.0081538636780067
"TomasVetrovsky_12S_12SAllFishDez2023_SEED2_C","TomasVetrovsky_12S_12SAllFishDez2023_SEED2","TomasVetrovsky","12S","12SAllFishDez2023","SEED2","C","12SAllFishDez2023","SEED2","OTU","sequence similarity","blastn",NA,NA,NA,NA,NA,NA,0.0983120842615368,-0.00856060868085212
"TomasVetrovsky_12S_NCBI_SEED2_A","TomasVetrovsky_12S_NCBI_SEED2","TomasVetrovsky","12S","NCBI","SEED2","A","NCBI","SEED2","OTU","sequence similarity","blastn",NA,NA,NA,NA,NA,NA,0.0938468772723103,-0.0072322837004255
"TomasVetrovsky_12S_NCBI_SEED2_B","TomasVetrovsky_12S_NCBI_SEED2","TomasVetrovsky","12S","NCBI","SEED2","B","NCBI","SEED2","OTU","sequence similarity","blastn",NA,NA,NA,NA,NA,NA,0.0933168071723851,-0.00710107225640238
"TomasVetrovsky_12S_NCBI_SEED2_C","TomasVetrovsky_12S_NCBI_SEED2","TomasVetrovsky","12S","NCBI","SEED2","C","NCBI","SEED2","OTU","sequence similarity","blastn",NA,NA,NA,NA,NA,NA,0.0943401497886207,-0.00761600074481578
"TomasVetrovsky_16S_16SAllFishDez2023_SEED2_B","TomasVetrovsky_16S_16SAllFishDez2023_SEED2","TomasVetrovsky","16S","16SAllFishDez2023","SEED2","B","16SAllFishDez2023","SEED2","OTU","sequence similarity","blastn",NA,NA,NA,NA,NA,NA,0.0933168071723851,-0.00710107225640238
"TomasVetrovsky_COI_COIMetazoaSep2024wormstax_SEED2_A","TomasVetrovsky_COI_COIMetazoaSep2024wormstax_SEED2","TomasVetrovsky","COI","COIMetazoaSep2024wormstax","SEED2","A","COIMetazoa","SEED2","OTU","sequence similarity","blastn",NA,NA,NA,NA,NA,NA,-0.413500567289256,0.0808388927215387
"TomasVetrovsky_COI_COIMetazoaSep2024wormstax_SEED2_B","TomasVetrovsky_COI_COIMetazoaSep2024wormstax_SEED2","TomasVetrovsky","COI","COIMetazoaSep2024wormstax","SEED2","B","COIMetazoa","SEED2","OTU","sequence similarity","blastn",NA,NA,NA,NA,NA,NA,-0.429231378368335,0.0910117468673804
"TomasVetrovsky_COI_COIMetazoaSep2024wormstax_SEED2_C","TomasVetrovsky_COI_COIMetazoaSep2024wormstax_SEED2","TomasVetrovsky","COI","COIMetazoaSep2024wormstax","SEED2","C","COIMetazoa","SEED2","OTU","sequence similarity","blastn",NA,NA,NA,NA,NA,NA,-0.433584912016263,0.069262555009059
"ZacharyGold_COI_COIMetazoa_Anacapa100_A","ZacharyGold_COI_COIMetazoa_Anacapa100","ZacharyGold","COI","COIMetazoa","Anacapa100","A","COIMetazoa","dada2","ASV","other","bowtie2-blca",NA,NA,NA,NA,NA,NA,-0.417208203904923,0.0664414994684389
"ZacharyGold_COI_COIMetazoa_Anacapa100_B","ZacharyGold_COI_COIMetazoa_Anacapa100","ZacharyGold","COI","COIMetazoa","Anacapa100","B","COIMetazoa","dada2","ASV","other","bowtie2-blca",NA,NA,NA,NA,NA,NA,-0.433122909365012,0.0753849350573763
"ZacharyGold_COI_COIMetazoa_Anacapa100_C","ZacharyGold_COI_COIMetazoa_Anacapa100","ZacharyGold","COI","COIMetazoa","Anacapa100","C","COIMetazoa","dada2","ASV","other","bowtie2-blca",NA,NA,NA,NA,NA,NA,-0.446692627085675,0.0439498163258925
"ZacharyGold_COI_COIMetazoa_Anacapa95_A","ZacharyGold_COI_COIMetazoa_Anacapa95","ZacharyGold","COI","COIMetazoa","Anacapa95","A","COIMetazoa","dada2","ASV","other","bowtie2-blca",NA,NA,NA,NA,NA,NA,-0.417121642924872,0.0661250126868055
"ZacharyGold_COI_COIMetazoa_Anacapa95_B","ZacharyGold_COI_COIMetazoa_Anacapa95","ZacharyGold","COI","COIMetazoa","Anacapa95","B","COIMetazoa","dada2","ASV","other","bowtie2-blca",NA,NA,NA,NA,NA,NA,-0.432908347425117,0.0749674565758293
"ZacharyGold_COI_COIMetazoa_Anacapa95_C","ZacharyGold_COI_COIMetazoa_Anacapa95","ZacharyGold","COI","COIMetazoa","Anacapa95","C","COIMetazoa","dada2","ASV","other","bowtie2-blca",NA,NA,NA,NA,NA,NA,-0.44669099088064,0.0442855895807255
"adamBennett_12S_12SAllFishDez2023_minderoo_A","adamBennett_12S_12SAllFishDez2023_minderoo","adamBennett","12S","12SAllFishDez2023","minderoo","A","12SAllFishDez2023","dada2","ASV","sequence similarity","blastn",NA,0.001,100,"LCA","YES","Filtering method using ASV read counts/proportions in control samples as described here https://www.sciencedirect.com/science/article/pii/S0048969724058133",0.0793569219238392,-0.236605575934781
"adamBennett_12S_12SAllFishDez2023_minderoo_B","adamBennett_12S_12SAllFishDez2023_minderoo","adamBennett","12S","12SAllFishDez2023","minderoo","B","12SAllFishDez2023","dada2","ASV","sequence similarity","blastn",NA,0.001,100,"LCA","YES","Filtering method using ASV read counts/proportions in control samples as described here https://www.sciencedirect.com/science/article/pii/S0048969724058133",0.00698685569710391,-0.235746511789721
"adamBennett_12S_12SAllFishDez2023_minderoo_C","adamBennett_12S_12SAllFishDez2023_minderoo","adamBennett","12S","12SAllFishDez2023","minderoo","C","12SAllFishDez2023","dada2","ASV","sequence similarity","blastn",NA,0.001,100,"LCA","YES","Filtering method using ASV read counts/proportions in control samples as described here https://www.sciencedirect.com/science/article/pii/S0048969724058133",0.0303514518921941,-0.270632355523888
"adamBennett_16S_16SAllFishDez2023_minderoo_A","adamBennett_16S_16SAllFishDez2023_minderoo","adamBennett","16S","16SAllFishDez2023","minderoo","A","16SAllFishDez2023","dada2","ASV","sequence similarity","blastn",NA,0.001,100,"LCA","YES","Filtering method using ASV read counts/proportions in control samples as described here https://www.sciencedirect.com/science/article/pii/S0048969724058133",0.283126143973728,-0.0244297015798546
"adamBennett_16S_16SAllFishDez2023_minderoo_B","adamBennett_16S_16SAllFishDez2023_minderoo","adamBennett","16S","16SAllFishDez2023","minderoo","B","16SAllFishDez2023","dada2","ASV","sequence similarity","blastn",NA,0.001,100,"LCA","YES","Filtering method using ASV read counts/proportions in control samples as described here https://www.sciencedirect.com/science/article/pii/S0048969724058133",0.307744185226402,-0.0167408293261258
"adamBennett_16S_16SAllFishDez2023_minderoo_C","adamBennett_16S_16SAllFishDez2023_minderoo","adamBennett","16S","16SAllFishDez2023","minderoo","C","16SAllFishDez2023","dada2","ASV","sequence similarity","blastn",NA,0.001,100,"LCA","YES","Filtering method using ASV read counts/proportions in control samples as described here https://www.sciencedirect.com/science/article/pii/S0048969724058133",0.308261260936254,-0.013680319757393
"adamBennett_COI_COIMetazoa_minderoo_A","adamBennett_COI_COIMetazoa_minderoo","adamBennett","COI","COIMetazoa","minderoo","A","COIMetazoa","dada2","ASV","sequence similarity","blastn",NA,0.001,100,"LCA","YES","Filtering method using ASV read counts/proportions in control samples as described here https://www.sciencedirect.com/science/article/pii/S0048969724058133",-0.42198829712367,0.125516720017565
"adamBennett_COI_COIMetazoa_minderoo_B","adamBennett_COI_COIMetazoa_minderoo","adamBennett","COI","COIMetazoa","minderoo","B","COIMetazoa","dada2","ASV","sequence similarity","blastn",NA,0.001,100,"LCA","YES","Filtering method using ASV read counts/proportions in control samples as described here https://www.sciencedirect.com/science/article/pii/S0048969724058133",-0.438356769894143,0.111712187527753
"adamBennett_COI_COIMetazoa_minderoo_C","adamBennett_COI_COIMetazoa_minderoo","adamBennett","COI","COIMetazoa","minderoo","C","COIMetazoa","dada2","ASV","sequence similarity","blastn",NA,0.001,100,"LCA","YES","Filtering method using ASV read counts/proportions in control samples as described here https://www.sciencedirect.com/science/article/pii/S0048969724058133",-0.448789172338322,0.103022491004277
"aurelieBonin_12S_12SAllFishDez2023_OBITools_A","aurelieBonin_12S_12SAllFishDez2023_OBITools","aurelieBonin","12S","12SAllFishDez2023","OBITools","A","12SAllFishDez2023","fastp","OTU","sequence similarity","ecotag",NA,NA,NA,NA,NA,NA,0.174382853313071,0.10196317501391
"aurelieBonin_12S_12SAllFishDez2023_OBITools_B","aurelieBonin_12S_12SAllFishDez2023_OBITools","aurelieBonin","12S","12SAllFishDez2023","OBITools","B","12SAllFishDez2023","fastp","OTU","sequence similarity","ecotag",NA,NA,NA,NA,NA,NA,0.101368857217114,0.0804636045542136
"aurelieBonin_12S_12SAllFishDez2023_OBITools_C","aurelieBonin_12S_12SAllFishDez2023_OBITools","aurelieBonin","12S","12SAllFishDez2023","OBITools","C","12SAllFishDez2023","fastp","OTU","sequence similarity","ecotag",NA,NA,NA,NA,NA,NA,0.130897656431462,0.0691703846164032
"aurelieBonin_16S_16SAllFishDez2023_OBITools_A","aurelieBonin_16S_16SAllFishDez2023_OBITools","aurelieBonin","16S","16SAllFishDez2023","OBITools","A","16SAllFishDez2023","fastp","OTU","sequence similarity","ecotag",NA,NA,NA,NA,NA,NA,0.294691625013947,0.411783090210295
"aurelieBonin_16S_16SAllFishDez2023_OBITools_B","aurelieBonin_16S_16SAllFishDez2023_OBITools","aurelieBonin","16S","16SAllFishDez2023","OBITools","B","16SAllFishDez2023","fastp","OTU","sequence similarity","ecotag",NA,NA,NA,NA,NA,NA,0.300746516977013,0.415536585515725
"aurelieBonin_16S_16SAllFishDez2023_OBITools_C","aurelieBonin_16S_16SAllFishDez2023_OBITools","aurelieBonin","16S","16SAllFishDez2023","OBITools","C","16SAllFishDez2023","fastp","OTU","sequence similarity","ecotag",NA,NA,NA,NA,NA,NA,0.300646442452582,0.439629062176259
"chrisHempel_12S_12SAllFishDez2023MIDORI2_ApscaleModified_A","chrisHempel_12S_12SAllFishDez2023MIDORI2_ApscaleModified","chrisHempel","12S","12SAllFishDez2023MIDORI2","ApscaleModified","A","12SAllFishDez2023MIDORI2","vsearch","ASV","sequence composition","vsearch sintax",0.75,NA,NA,"LULU",NA,NA,0.317817940021204,0.291354380735572
"chrisHempel_12S_12SAllFishDez2023MIDORI2_ApscaleModified_B","chrisHempel_12S_12SAllFishDez2023MIDORI2_ApscaleModified","chrisHempel","12S","12SAllFishDez2023MIDORI2","ApscaleModified","B","12SAllFishDez2023MIDORI2","vsearch","ASV","sequence composition","vsearch sintax",0.75,NA,NA,"LULU",NA,NA,0.287239415523836,0.242595159105307
"chrisHempel_12S_12SAllFishDez2023MIDORI2_ApscaleModified_C","chrisHempel_12S_12SAllFishDez2023MIDORI2_ApscaleModified","chrisHempel","12S","12SAllFishDez2023MIDORI2","ApscaleModified","C","12SAllFishDez2023MIDORI2","vsearch","ASV","sequence composition","vsearch sintax",0.75,NA,NA,"LULU",NA,NA,0.330628778928579,0.26906820393782
"chrisHempel_12S_12SAllFishDez2023_ApscaleModified_A","chrisHempel_12S_12SAllFishDez2023_ApscaleModified","chrisHempel","12S","12SAllFishDez2023","ApscaleModified","A","12SAllFishDez2023","vsearch","ASV","sequence composition","vsearch sintax",0.75,NA,NA,"LULU",NA,NA,0.0974754581687455,-0.00803141798853538
"chrisHempel_12S_12SAllFishDez2023_ApscaleModified_B","chrisHempel_12S_12SAllFishDez2023_ApscaleModified","chrisHempel","12S","12SAllFishDez2023","ApscaleModified","B","12SAllFishDez2023","vsearch","ASV","sequence composition","vsearch sintax",0.75,NA,NA,"LULU",NA,NA,0.0974711034477443,-0.00801819152406409
"chrisHempel_12S_12SAllFishDez2023_ApscaleModified_C","chrisHempel_12S_12SAllFishDez2023_ApscaleModified","chrisHempel","12S","12SAllFishDez2023","ApscaleModified","C","12SAllFishDez2023","vsearch","ASV","sequence composition","vsearch sintax",0.75,NA,NA,"LULU",NA,NA,0.0974900015897726,-0.00803467847272248
"chrisHempel_16S_16SAllFishDez2023_ApscaleModified_A","chrisHempel_16S_16SAllFishDez2023_ApscaleModified","chrisHempel","16S","16SAllFishDez2023","ApscaleModified","A","16SAllFishDez2023","vsearch","ASV","sequence composition","vsearch sintax",0.75,NA,NA,"LULU",NA,NA,0.0974281619645853,-0.00801740973915209
"chrisHempel_16S_16SAllFishDez2023_ApscaleModified_B","chrisHempel_16S_16SAllFishDez2023_ApscaleModified","chrisHempel","16S","16SAllFishDez2023","ApscaleModified","B","16SAllFishDez2023","vsearch","ASV","sequence composition","vsearch sintax",0.75,NA,NA,"LULU",NA,NA,0.0974427922181361,-0.00789521906752455
"chrisHempel_16S_16SAllFishDez2023_ApscaleModified_C","chrisHempel_16S_16SAllFishDez2023_ApscaleModified","chrisHempel","16S","16SAllFishDez2023","ApscaleModified","C","16SAllFishDez2023","vsearch","ASV","sequence composition","vsearch sintax",0.75,NA,NA,"LULU",NA,NA,0.0974721107871907,-0.00794962697015265
"chrisHempel_COI_BOLD_ApscaleModified_A","chrisHempel_COI_BOLD_ApscaleModified","chrisHempel","COI","BOLD","ApscaleModified","A","BOLD","DnoisE","ASV","sequence composition","vsearch sintax",0.75,NA,NA,"LULU",NA,NA,-0.435694382999844,0.105083817599913
"chrisHempel_COI_BOLD_ApscaleModified_B","chrisHempel_COI_BOLD_ApscaleModified","chrisHempel","COI","BOLD","ApscaleModified","B","BOLD","DnoisE","ASV","sequence composition","vsearch sintax",0.75,NA,NA,"LULU",NA,NA,-0.435994816495046,0.0979320110700677
"chrisHempel_COI_BOLD_ApscaleModified_C","chrisHempel_COI_BOLD_ApscaleModified","chrisHempel","COI","BOLD","ApscaleModified","C","BOLD","DnoisE","ASV","sequence composition","vsearch sintax",0.75,NA,NA,"LULU",NA,NA,-0.449397519203885,0.078123027801562
"emmaStrand_COI_COIAllFishDez2023_nf-coreAmpliseq_A","emmaStrand_COI_COIAllFishDez2023_nf-coreAmpliseq","emmaStrand","COI","COIAllFishDez2023","nf-coreAmpliseq","A","COIAllFishDez2023","dada2","ASV","sequence similarity","blastn",97,NA,95,NA,NA,NA,-0.200951697215241,0.137499899874015
"emmaStrand_COI_COIAllFishDez2023_nf-coreAmpliseq_B","emmaStrand_COI_COIAllFishDez2023_nf-coreAmpliseq","emmaStrand","COI","COIAllFishDez2023","nf-coreAmpliseq","B","COIAllFishDez2023","dada2","ASV","sequence similarity","blastn",97,NA,95,NA,NA,NA,-0.172320470404412,0.12496597958602
"emmaStrand_COI_COIAllFishDez2023_nf-coreAmpliseq_C","emmaStrand_COI_COIAllFishDez2023_nf-coreAmpliseq","emmaStrand","COI","COIAllFishDez2023","nf-coreAmpliseq","C","COIAllFishDez2023","dada2","ASV","sequence similarity","blastn",97,NA,95,NA,NA,NA,-0.139963547654387,0.0500654888652845
"geraldinePascal_12S_12SAllFishDez2023_frogsDADA2_A","geraldinePascal_12S_12SAllFishDez2023_frogsDADA2","geraldinePascal","12S","12SAllFishDez2023","frogsDADA2","A","12SAllFishDez2023","dada2","ASV","sequence similarity","blastn",NA,NA,NA,NA,"YES","needleall after blastn for optimum alignment",0.0775655796946634,-0.241467708531075
"geraldinePascal_12S_12SAllFishDez2023_frogsDADA2_B","geraldinePascal_12S_12SAllFishDez2023_frogsDADA2","geraldinePascal","12S","12SAllFishDez2023","frogsDADA2","B","12SAllFishDez2023","dada2","ASV","sequence similarity","blastn",NA,NA,NA,NA,"YES","needleall after blastn for optimum alignment",-0.00465315613254525,-0.227833399385161
"geraldinePascal_12S_12SAllFishDez2023_frogsDADA2_C","geraldinePascal_12S_12SAllFishDez2023_frogsDADA2","geraldinePascal","12S","12SAllFishDez2023","frogsDADA2","C","12SAllFishDez2023","dada2","ASV","sequence similarity","blastn",NA,NA,NA,NA,"YES","needleall after blastn for optimum alignment",0.0126598284634364,-0.269450964566193
"geraldinePascal_12S_12SAllFishDez2023_frogsSWARM_A","geraldinePascal_12S_12SAllFishDez2023_frogsSWARM","geraldinePascal","12S","12SAllFishDez2023","frogsSWARM","A","12SAllFishDez2023","swarm","OTU","sequence similarity","blastn",NA,NA,NA,NA,"YES","needleall after blastn for optimum alignment",0.0715881385511779,-0.24307951653949
"geraldinePascal_12S_12SAllFishDez2023_frogsSWARM_B","geraldinePascal_12S_12SAllFishDez2023_frogsSWARM","geraldinePascal","12S","12SAllFishDez2023","frogsSWARM","B","12SAllFishDez2023","swarm","OTU","sequence similarity","blastn",NA,NA,NA,NA,"YES","needleall after blastn for optimum alignment",-0.0140726440164591,-0.226060657419069
"geraldinePascal_12S_12SAllFishDez2023_frogsSWARM_C","geraldinePascal_12S_12SAllFishDez2023_frogsSWARM","geraldinePascal","12S","12SAllFishDez2023","frogsSWARM","C","12SAllFishDez2023","swarm","OTU","sequence similarity","blastn",NA,NA,NA,NA,"YES","needleall after blastn for optimum alignment",0.00673325111342656,-0.267374223715754
"geraldinePascal_16S_16SAllFishDez2023_frogsDADA2_A","geraldinePascal_16S_16SAllFishDez2023_frogsDADA2","geraldinePascal","16S","16SAllFishDez2023","frogsDADA2","A","16SAllFishDez2023","dada2","ASV","sequence similarity","blastn",NA,NA,NA,NA,"YES","needleall after blastn for optimum alignment",0.292548823591656,0.0521258289787135
"geraldinePascal_16S_16SAllFishDez2023_frogsDADA2_B","geraldinePascal_16S_16SAllFishDez2023_frogsDADA2","geraldinePascal","16S","16SAllFishDez2023","frogsDADA2","B","16SAllFishDez2023","dada2","ASV","sequence similarity","blastn",NA,NA,NA,NA,"YES","needleall after blastn for optimum alignment",0.309118867602477,0.0624873676100966
"geraldinePascal_16S_16SAllFishDez2023_frogsDADA2_C","geraldinePascal_16S_16SAllFishDez2023_frogsDADA2","geraldinePascal","16S","16SAllFishDez2023","frogsDADA2","C","16SAllFishDez2023","dada2","ASV","sequence similarity","blastn",NA,NA,NA,NA,"YES","needleall after blastn for optimum alignment",0.33062586661975,0.0534922719980014
"geraldinePascal_16S_16SAllFishDez2023_frogsSWARM_A","geraldinePascal_16S_16SAllFishDez2023_frogsSWARM","geraldinePascal","16S","16SAllFishDez2023","frogsSWARM","A","16SAllFishDez2023","swarm","OTU","sequence similarity","blastn",NA,NA,NA,NA,"YES","needleall after blastn for optimum alignment",0.290992926053302,0.0477809442030346
"geraldinePascal_16S_16SAllFishDez2023_frogsSWARM_B","geraldinePascal_16S_16SAllFishDez2023_frogsSWARM","geraldinePascal","16S","16SAllFishDez2023","frogsSWARM","B","16SAllFishDez2023","swarm","OTU","sequence similarity","blastn",NA,NA,NA,NA,"YES","needleall after blastn for optimum alignment",0.311616669773007,0.0537560370381628
"geraldinePascal_16S_16SAllFishDez2023_frogsSWARM_C","geraldinePascal_16S_16SAllFishDez2023_frogsSWARM","geraldinePascal","16S","16SAllFishDez2023","frogsSWARM","C","16SAllFishDez2023","swarm","OTU","sequence similarity","blastn",NA,NA,NA,NA,"YES","needleall after blastn for optimum alignment",0.32629563321355,0.04861127463965
"geraldinePascal_COI_COIMetazoaSep2024wormstax_frogsDADA2_A","geraldinePascal_COI_COIMetazoaSep2024wormstax_frogsDADA2","geraldinePascal","COI","COIMetazoaSep2024wormstax","frogsDADA2","A","COIMetazoa","dada2","ASV","sequence similarity","blastn",NA,NA,NA,NA,"YES","needleall after blastn for optimum alignment",-0.422597138310637,0.0745242770547257
"geraldinePascal_COI_COIMetazoaSep2024wormstax_frogsDADA2_B","geraldinePascal_COI_COIMetazoaSep2024wormstax_frogsDADA2","geraldinePascal","COI","COIMetazoaSep2024wormstax","frogsDADA2","B","COIMetazoa","dada2","ASV","sequence similarity","blastn",NA,NA,NA,NA,"YES","needleall after blastn for optimum alignment",-0.439387320944853,0.0849531439074449
"geraldinePascal_COI_COIMetazoaSep2024wormstax_frogsDADA2_C","geraldinePascal_COI_COIMetazoaSep2024wormstax_frogsDADA2","geraldinePascal","COI","COIMetazoaSep2024wormstax","frogsDADA2","C","COIMetazoa","dada2","ASV","sequence similarity","blastn",NA,NA,NA,NA,"YES","needleall after blastn for optimum alignment",-0.44838025521109,0.0620503400329631
"geraldinePascal_COI_COIMetazoaSep2024wormstax_frogsSWARM_A","geraldinePascal_COI_COIMetazoaSep2024wormstax_frogsSWARM","geraldinePascal","COI","COIMetazoaSep2024wormstax","frogsSWARM","A","COIMetazoa","swarm","OTU","sequence similarity","blastn",NA,NA,NA,NA,"YES","needleall after blastn for optimum alignment",-0.418606189411962,0.0727106605099685
"geraldinePascal_COI_COIMetazoaSep2024wormstax_frogsSWARM_B","geraldinePascal_COI_COIMetazoaSep2024wormstax_frogsSWARM","geraldinePascal","COI","COIMetazoaSep2024wormstax","frogsSWARM","B","COIMetazoa","swarm","OTU","sequence similarity","blastn",NA,NA,NA,NA,"YES","needleall after blastn for optimum alignment",-0.436356211362622,0.0790476842977309
"geraldinePascal_COI_COIMetazoaSep2024wormstax_frogsSWARM_C","geraldinePascal_COI_COIMetazoaSep2024wormstax_frogsSWARM","geraldinePascal","COI","COIMetazoaSep2024wormstax","frogsSWARM","C","COIMetazoa","swarm","OTU","sequence similarity","blastn",NA,NA,NA,NA,"YES","needleall after blastn for optimum alignment",-0.447574851277989,0.0561996752632051
"lukeThompson_12S_12SAllFishDez2023_tourmaline_A","lukeThompson_12S_12SAllFishDez2023_tourmaline","lukeThompson","12S","12SAllFishDez2023","tourmaline","A","12SAllFishDez2023","dada2","ASV","sequence composition","qiime2",NA,NA,NA,NA,"YES","outlier detection odseq, rarefaction 5000",0.0146611704116028,-0.197810538670176
"lukeThompson_12S_12SAllFishDez2023_tourmaline_B","lukeThompson_12S_12SAllFishDez2023_tourmaline","lukeThompson","12S","12SAllFishDez2023","tourmaline","B","12SAllFishDez2023","dada2","ASV","sequence composition","qiime2",NA,NA,NA,NA,"YES","outlier detection odseq, rarefaction 5000",-0.0296886933391956,-0.171141072128833
"lukeThompson_12S_12SAllFishDez2023_tourmaline_C","lukeThompson_12S_12SAllFishDez2023_tourmaline","lukeThompson","12S","12SAllFishDez2023","tourmaline","C","12SAllFishDez2023","dada2","ASV","sequence composition","qiime2",NA,NA,NA,NA,"YES","outlier detection odseq, rarefaction 5000",-0.0171013443612156,-0.200289499027599
"lukeThompson_16S_16SAllFishDez2023_tourmaline_A","lukeThompson_16S_16SAllFishDez2023_tourmaline","lukeThompson","16S","16SAllFishDez2023","tourmaline","A","16SAllFishDez2023","dada2","ASV","sequence composition","qiime2",NA,NA,NA,NA,"YES","outlier detection odseq, rarefaction 5000",0.298629967455683,0.366892228235298
"lukeThompson_16S_16SAllFishDez2023_tourmaline_B","lukeThompson_16S_16SAllFishDez2023_tourmaline","lukeThompson","16S","16SAllFishDez2023","tourmaline","B","16SAllFishDez2023","dada2","ASV","sequence composition","qiime2",NA,NA,NA,NA,"YES","outlier detection odseq, rarefaction 5000",0.318708813172051,0.372921789544279
"lukeThompson_16S_16SAllFishDez2023_tourmaline_C","lukeThompson_16S_16SAllFishDez2023_tourmaline","lukeThompson","16S","16SAllFishDez2023","tourmaline","C","16SAllFishDez2023","dada2","ASV","sequence composition","qiime2",NA,NA,NA,NA,"YES","outlier detection odseq, rarefaction 5000",0.308427901558724,0.352815694798232
"lukeThompson_COI_COIMetazoa_tourmaline_A","lukeThompson_COI_COIMetazoa_tourmaline","lukeThompson","COI","COIMetazoa","tourmaline","A","COIMetazoa","dada2","ASV","sequence composition","qiime2",NA,NA,NA,NA,"YES","outlier detection odseq, rarefaction 5000",-0.41899043050664,0.0722490473504615
"lukeThompson_COI_COIMetazoa_tourmaline_B","lukeThompson_COI_COIMetazoa_tourmaline","lukeThompson","COI","COIMetazoa","tourmaline","B","COIMetazoa","dada2","ASV","sequence composition","qiime2",NA,NA,NA,NA,"YES","outlier detection odseq, rarefaction 5000",-0.436807795515003,0.079006057169658
"lukeThompson_COI_COIMetazoa_tourmaline_C","lukeThompson_COI_COIMetazoa_tourmaline","lukeThompson","COI","COIMetazoa","tourmaline","C","COIMetazoa","dada2","ASV","sequence composition","qiime2",NA,NA,NA,NA,"YES","outlier detection odseq, rarefaction 5000",-0.446299191117158,0.0540228475416457
"oriolCanals_COI_COIMetazoaSep2024wormstax_In-house_A","oriolCanals_COI_COIMetazoaSep2024wormstax_In-house","oriolCanals","COI","COIMetazoaSep2024wormstax","In-house","A","COIMetazoa","mothur","OTU","sequence composition","mothur",0.7,NA,NA,NA,NA,NA,-0.41953880501935,0.0771912629736864
"oriolCanals_COI_COIMetazoaSep2024wormstax_In-house_B","oriolCanals_COI_COIMetazoaSep2024wormstax_In-house","oriolCanals","COI","COIMetazoaSep2024wormstax","In-house","B","COIMetazoa","mothur","OTU","sequence composition","mothur",0.7,NA,NA,NA,NA,NA,-0.437330293487241,0.0837401242074446
"oriolCanals_COI_COIMetazoaSep2024wormstax_In-house_C","oriolCanals_COI_COIMetazoaSep2024wormstax_In-house","oriolCanals","COI","COIMetazoaSep2024wormstax","In-house","C","COIMetazoa","mothur","OTU","sequence composition","mothur",0.7,NA,NA,NA,NA,NA,-0.443011364128496,0.0620752087966495
"seanJungbluth_COI_CRUXcustom_DADA2_A","seanJungbluth_COI_CRUXcustom_DADA2","seanJungbluth","COI","CRUXcustom","DADA2","A","CRUXcustom","dada2","ASV","other","bowtie2-blca",NA,NA,NA,"BLCA",NA,NA,-0.399611650068196,0.128405211195606
"seanJungbluth_COI_CRUXcustom_DADA2_B","seanJungbluth_COI_CRUXcustom_DADA2","seanJungbluth","COI","CRUXcustom","DADA2","B","CRUXcustom","dada2","ASV","other","bowtie2-blca",NA,NA,NA,"BLCA",NA,NA,-0.420458558306997,0.0853430544458879
"seanJungbluth_COI_CRUXcustom_DADA2_C","seanJungbluth_COI_CRUXcustom_DADA2","seanJungbluth","COI","CRUXcustom","DADA2","C","CRUXcustom","dada2","ASV","other","bowtie2-blca",NA,NA,NA,"BLCA",NA,NA,-0.4253656690686,0.089722323677857
