"submissionID","submitterID","marker","referenceDB","pipeline","sampleID","specnumber","shannon","simpson","hillq0","hillq1","hillq15"
"adamBennett_12S_12SAllFishDez2023_minderoo","adamBennett","12S","12SAllFishDez2023","minderoo","A",42,2.70435468418826,0.882562128872392,42,14.9446695465739,10.6135613691748
"adamBennett_12S_12SAllFishDez2023_minderoo","adamBennett","12S","12SAllFishDez2023","minderoo","B",41,2.7301705312703,0.890499966404171,41,15.3355019795679,11.1886501507856
"adamBennett_12S_12SAllFishDez2023_minderoo","adamBennett","12S","12SAllFishDez2023","minderoo","C",43,2.70307423144155,0.892103825697709,43,14.9255458495125,11.1116540094202
"adamBennett_16S_16SAllFishDez2023_minderoo","adamBennett","16S","16SAllFishDez2023","minderoo","A",41,2.89064329612535,0.914725171964708,41,18.0048883517825,13.9437399179042
"adamBennett_16S_16SAllFishDez2023_minderoo","adamBennett","16S","16SAllFishDez2023","minderoo","B",38,2.79638166327415,0.904319483717327,38,16.3852520216447,12.5546183105781
"adamBennett_16S_16SAllFishDez2023_minderoo","adamBennett","16S","16SAllFishDez2023","minderoo","C",37,2.74898911635985,0.910384413404731,37,15.6268269933263,12.6767851639967
"adamBennett_COI_COIMetazoa_minderoo","adamBennett","COI","COIMetazoa","minderoo","A",27,2.08017996827251,0.810208425680385,27,8.0059095943737,6.12022207778189
"adamBennett_COI_COIMetazoa_minderoo","adamBennett","COI","COIMetazoa","minderoo","B",20,2.12801646992198,0.814915029623248,20,8.39819221276814,6.4470363588919
"adamBennett_COI_COIMetazoa_minderoo","adamBennett","COI","COIMetazoa","minderoo","C",24,2.20911059015134,0.806079751358631,24,9.10761238952722,6.46631830585458
"adamBennett_COI_COIAllFishDez2023_minderoo","adamBennett","COI","COIAllFishDez2023","minderoo","A",NA,NA,NA,NA,NA,NA
"adamBennett_COI_COIAllFishDez2023_minderoo","adamBennett","COI","COIAllFishDez2023","minderoo","B",NA,NA,NA,NA,NA,NA
"adamBennett_COI_COIAllFishDez2023_minderoo","adamBennett","COI","COIAllFishDez2023","minderoo","C",NA,NA,NA,NA,NA,NA
"AlejandroAbdala_12S_12SAllFishDez2023_cascabel","AlejandroAbdala","12S","12SAllFishDez2023","cascabel","C",50,2.70127883989933,0.893416084102346,50,14.8987726920732,11.162403908354
"AlejandroAbdala_12S_12SAllFishDez2023_cascabel","AlejandroAbdala","12S","12SAllFishDez2023","cascabel","A",48,2.70376277902185,0.883011208127828,48,14.935826336888,10.6413146667146
"AlejandroAbdala_12S_12SAllFishDez2023_cascabel","AlejandroAbdala","12S","12SAllFishDez2023","cascabel","B",48,2.74130274591629,0.891736743607318,48,15.5071738504831,11.2971516893534
"AlejandroAbdala_16S_16SAllFishDez2023_cascabel","AlejandroAbdala","16S","16SAllFishDez2023","cascabel","A",44,3.01344728955487,0.921582401101755,44,20.357457151492,15.4676435166324
"AlejandroAbdala_16S_16SAllFishDez2023_cascabel","AlejandroAbdala","16S","16SAllFishDez2023","cascabel","B",42,2.89562496463474,0.912053401173002,42,18.0948065224008,13.7457354148195
"AlejandroAbdala_16S_16SAllFishDez2023_cascabel","AlejandroAbdala","16S","16SAllFishDez2023","cascabel","C",41,2.97737355942897,0.924927216441106,41,19.6361756101116,15.6385658200119
"AudreyBourret_12S_12SAllFishDez2023_MLI","AudreyBourret","12S","12SAllFishDez2023","MLI","A",39,2.6543168040139,0.881681506411457,39,14.2152709250007,10.3478450757521
"AudreyBourret_12S_12SAllFishDez2023_MLI","AudreyBourret","12S","12SAllFishDez2023","MLI","B",40,2.64002368581274,0.881372035869485,40,14.013535525781,10.2444494010316
"AudreyBourret_12S_12SAllFishDez2023_MLI","AudreyBourret","12S","12SAllFishDez2023","MLI","C",40,2.61602868620116,0.886218737056428,40,13.6812828885622,10.3780843194025
"AudreyBourret_COI_COIAllFishDez2023_MLI","AudreyBourret","COI","COIAllFishDez2023","MLI","A",30,2.30096247726399,0.847718295982008,30,9.98378699999108,7.66444914821663
"AudreyBourret_COI_COIAllFishDez2023_MLI","AudreyBourret","COI","COIAllFishDez2023","MLI","B",22,2.28561919047372,0.845636927279564,22,9.83177207928244,7.67404917589914
"AudreyBourret_COI_COIAllFishDez2023_MLI","AudreyBourret","COI","COIAllFishDez2023","MLI","C",25,2.37410579653843,0.840775196512666,25,10.7414038898432,7.84480904141115
"AudreyBourret_16S_NCBI_MLI","AudreyBourret","16S","NCBI","MLI","A",37,2.80903649961599,0.907064933917139,37,16.5939222634965,12.8105422014846
"AudreyBourret_16S_NCBI_MLI","AudreyBourret","16S","NCBI","MLI","B",32,2.70118096426565,0.897120509200813,32,14.8973145366151,11.5733697288442
"AudreyBourret_16S_NCBI_MLI","AudreyBourret","16S","NCBI","MLI","C",33,2.62218786922944,0.900589782903921,33,13.7658084509292,11.2750112169542
"aurelieBonin_12S_12SAllFishDez2023_OBITools","aurelieBonin","12S","12SAllFishDez2023","OBITools","A",32,2.54552126467695,0.872199158078095,32,12.749872412313,9.50027146207701
"aurelieBonin_12S_12SAllFishDez2023_OBITools","aurelieBonin","12S","12SAllFishDez2023","OBITools","B",34,2.62669848469586,0.884002173253936,34,13.828040967398,10.3916794851974
"aurelieBonin_12S_12SAllFishDez2023_OBITools","aurelieBonin","12S","12SAllFishDez2023","OBITools","C",35,2.58247766454818,0.885703836734694,35,13.2298767819277,10.2648262183725
"aurelieBonin_16S_16SAllFishDez2023_OBITools","aurelieBonin","16S","16SAllFishDez2023","OBITools","A",10,1.4676777695168,0.714737599271884,10,4.3391469327456,3.76398676342159
"aurelieBonin_16S_16SAllFishDez2023_OBITools","aurelieBonin","16S","16SAllFishDez2023","OBITools","B",12,1.5151186157267,0.717243859864681,12,4.5499607917444,3.85137883305351
"aurelieBonin_16S_16SAllFishDez2023_OBITools","aurelieBonin","16S","16SAllFishDez2023","OBITools","C",11,1.38892535518051,0.696233794789901,11,4.01053783265133,3.51208546168345
"chrisHempel_12S_12SAllFishDez2023_ApscaleModified","chrisHempel","12S","12SAllFishDez2023","ApscaleModified","A",204,3.59531471781512,0.920827888021416,204,36.427162461043,19.4670277661876
"chrisHempel_12S_12SAllFishDez2023_ApscaleModified","chrisHempel","12S","12SAllFishDez2023","ApscaleModified","B",204,3.56687277286138,0.919925014232705,204,35.4056981849034,18.9708698910343
"chrisHempel_12S_12SAllFishDez2023_ApscaleModified","chrisHempel","12S","12SAllFishDez2023","ApscaleModified","C",200,3.61908977140332,0.927120886103473,200,37.3035975627876,20.6718270312725
"chrisHempel_COI_BOLD_ApscaleModified","chrisHempel","COI","BOLD","ApscaleModified","A",22,1.84733854343488,0.756418813932382,22,6.34291564362828,4.81487033139026
"chrisHempel_COI_BOLD_ApscaleModified","chrisHempel","COI","BOLD","ApscaleModified","B",18,1.79199108798108,0.723227755305176,18,6.00138987347231,4.39321786936044
"chrisHempel_COI_BOLD_ApscaleModified","chrisHempel","COI","BOLD","ApscaleModified","C",18,1.57688076343276,0.622601258297429,18,4.83983564947887,3.28559305428619
"chrisHempel_16S_16SAllFishDez2023_ApscaleModified","chrisHempel","16S","16SAllFishDez2023","ApscaleModified","A",27,2.51202600396327,0.886035525540603,27,12.3298851686187,10.0222775522462
"chrisHempel_16S_16SAllFishDez2023_ApscaleModified","chrisHempel","16S","16SAllFishDez2023","ApscaleModified","B",25,2.40936136567938,0.868759529191587,25,11.1268528853845,8.89561548555556
"chrisHempel_16S_16SAllFishDez2023_ApscaleModified","chrisHempel","16S","16SAllFishDez2023","ApscaleModified","C",23,2.27224605287234,0.864815268696056,23,9.70116569345893,8.21488656598804
"chrisHempel_12S_12SAllFishDez2023MIDORI2_ApscaleModified","chrisHempel","12S","12SAllFishDez2023MIDORI2","ApscaleModified","A",187,3.90272229044937,0.963062718775824,187,49.5371201445782,34.3188305488914
"chrisHempel_12S_12SAllFishDez2023MIDORI2_ApscaleModified","chrisHempel","12S","12SAllFishDez2023MIDORI2","ApscaleModified","B",188,3.85939966619405,0.959041289109332,188,47.4368648653765,31.6691463702127
"chrisHempel_12S_12SAllFishDez2023MIDORI2_ApscaleModified","chrisHempel","12S","12SAllFishDez2023MIDORI2","ApscaleModified","C",183,3.85512370317602,0.960133133281501,183,47.2344596325619,32.237783762291
"ElisaBanchi_12S_12SAllFishDez2023_QIIME2v.2023.5","ElisaBanchi","12S","12SAllFishDez2023","QIIME2v.2023.5","A",771,5.0291349374905,0.978643735217722,771,152.800773285791,74.1995845245762
"ElisaBanchi_12S_12SAllFishDez2023_QIIME2v.2023.5","ElisaBanchi","12S","12SAllFishDez2023","QIIME2v.2023.5","B",800,4.9785298272272,0.97572658951111,800,145.260666316293,66.8348838284532
"ElisaBanchi_12S_12SAllFishDez2023_QIIME2v.2023.5","ElisaBanchi","12S","12SAllFishDez2023","QIIME2v.2023.5","C",696,4.92338761578228,0.976800764978488,696,137.467512406484,67.599122950487
"ElisaBanchi_16S_16SAllFishDez2023_QIIME2v.2023.5","ElisaBanchi","16S","16SAllFishDez2023","QIIME2v.2023.5","A",584,4.45425441730301,0.960891439503696,584,85.9920127811848,40.892671516474
"ElisaBanchi_16S_16SAllFishDez2023_QIIME2v.2023.5","ElisaBanchi","16S","16SAllFishDez2023","QIIME2v.2023.5","B",609,4.28964805967784,0.947317875905645,609,72.9407931755581,31.6031654726997
"ElisaBanchi_16S_16SAllFishDez2023_QIIME2v.2023.5","ElisaBanchi","16S","16SAllFishDez2023","QIIME2v.2023.5","C",544,4.222223420845,0.948483010128493,544,68.1849196464249,30.8660257282887
"ElisaBanchi_COI_COIAllFishDez2023_QIIME2v.2023.5","ElisaBanchi","COI","COIAllFishDez2023","QIIME2v.2023.5","A",34,2.422532679838,0.865977593221937,34,11.2743775745963,8.67677527934508
"ElisaBanchi_COI_COIAllFishDez2023_QIIME2v.2023.5","ElisaBanchi","COI","COIAllFishDez2023","QIIME2v.2023.5","B",24,2.38748380344964,0.855610811146112,24,10.8860679662742,8.36246357023974
"ElisaBanchi_COI_COIAllFishDez2023_QIIME2v.2023.5","ElisaBanchi","COI","COIAllFishDez2023","QIIME2v.2023.5","C",29,2.31571104313459,0.837078196343931,29,10.1321247357707,7.40145989033704
"emmaStrand_COI_COIAllFishDez2023_nf-coreAmpliseq","emmaStrand","COI","COIAllFishDez2023","nf-coreAmpliseq","A",25,2.18405434524703,0.826937415894622,25,8.88224504334576,6.82485688885456
"emmaStrand_COI_COIAllFishDez2023_nf-coreAmpliseq","emmaStrand","COI","COIAllFishDez2023","nf-coreAmpliseq","B",18,2.13278356615519,0.830554587171019,18,8.43832278037234,6.78152473415721
"emmaStrand_COI_COIAllFishDez2023_nf-coreAmpliseq","emmaStrand","COI","COIAllFishDez2023","nf-coreAmpliseq","C",20,2.40934840756195,0.868507902169341,20,11.1267087032523,8.94722409390433
"emmaStrand_12S_12SAllFishDez2023_nf-coreAmpliseq","emmaStrand","12S","12SAllFishDez2023","nf-coreAmpliseq","A",NA,NA,NA,NA,NA,NA
"emmaStrand_12S_12SAllFishDez2023_nf-coreAmpliseq","emmaStrand","12S","12SAllFishDez2023","nf-coreAmpliseq","B",NA,NA,NA,NA,NA,NA
"emmaStrand_12S_12SAllFishDez2023_nf-coreAmpliseq","emmaStrand","12S","12SAllFishDez2023","nf-coreAmpliseq","C",NA,NA,NA,NA,NA,NA
"EnoraGeslain_12S_12SAllFishDez2023_MiFish","EnoraGeslain","12S","12SAllFishDez2023","MiFish","A",32,2.57817538899715,0.873932789699287,32,13.1730804708025,9.71343203775608
"EnoraGeslain_12S_12SAllFishDez2023_MiFish","EnoraGeslain","12S","12SAllFishDez2023","MiFish","B",40,2.66244870820003,0.881105370565151,40,14.3313394355332,10.2962904655553
"EnoraGeslain_12S_12SAllFishDez2023_MiFish","EnoraGeslain","12S","12SAllFishDez2023","MiFish","C",31,2.54398258583044,0.879779486787063,31,12.7302695384676,9.79272538300255
"EnoraGeslain_COI_COIMetazoaSep2024_MiFish","EnoraGeslain","COI","COIMetazoaSep2024","MiFish","A",23,2.22953920031076,0.832535059258111,23,9.2955816912824,7.07405202861278
"EnoraGeslain_COI_COIMetazoaSep2024_MiFish","EnoraGeslain","COI","COIMetazoaSep2024","MiFish","B",23,2.30435240370528,0.843448284696997,23,10.0176887332521,7.67402947665467
"EnoraGeslain_COI_COIMetazoaSep2024_MiFish","EnoraGeslain","COI","COIMetazoaSep2024","MiFish","C",27,2.34901467106848,0.825387707364686,27,10.4752430779218,7.29982438343053
"EvanMorien_12S_12SAllFishDez2023_DADA2","EvanMorien","12S","12SAllFishDez2023","DADA2","A",33,2.56164405289387,0.871238321112731,33,12.9571019751942,9.51513035748002
"EvanMorien_12S_12SAllFishDez2023_DADA2","EvanMorien","12S","12SAllFishDez2023","DADA2","B",31,2.51941613452455,0.871927639998126,31,12.4213421531126,9.34650595363907
"EvanMorien_12S_12SAllFishDez2023_DADA2","EvanMorien","12S","12SAllFishDez2023","DADA2","C",32,2.54319020023259,0.881197207333003,32,12.7201862516818,9.85928533285019
"EvanMorien_12S_NCBILCABestHit_DADA2","EvanMorien","12S","NCBILCABestHit","DADA2","A",36,2.65967704146302,0.879431734650084,36,14.2916727355532,10.3075815264223
"EvanMorien_12S_NCBILCABestHit_DADA2","EvanMorien","12S","NCBILCABestHit","DADA2","B",35,2.66332249751407,0.885910417980677,35,14.3438674794261,10.6503113710912
"EvanMorien_12S_NCBILCABestHit_DADA2","EvanMorien","12S","NCBILCABestHit","DADA2","C",36,2.66012427470519,0.890406121372325,36,14.2980658761926,10.857057340407
"EvanMorien_12S_NCBILCA_DADA2","EvanMorien","12S","NCBILCA","DADA2","A",36,2.65967704146302,0.879431734650084,36,14.2916727355532,10.3075815264223
"EvanMorien_12S_NCBILCA_DADA2","EvanMorien","12S","NCBILCA","DADA2","B",35,2.66332249751407,0.885910417980677,35,14.3438674794261,10.6503113710912
"EvanMorien_12S_NCBILCA_DADA2","EvanMorien","12S","NCBILCA","DADA2","C",36,2.66012427470519,0.890406121372325,36,14.2980658761926,10.857057340407
"EvanMorien_16S_16SAllFishDez2023_DADA2","EvanMorien","16S","16SAllFishDez2023","DADA2","A",29,2.65445750838673,0.896303495515035,29,14.2172712165024,11.3142658021333
"EvanMorien_16S_16SAllFishDez2023_DADA2","EvanMorien","16S","16SAllFishDez2023","DADA2","B",30,2.63806983311366,0.891088946976754,30,13.9861818727767,10.8993367665764
"EvanMorien_16S_16SAllFishDez2023_DADA2","EvanMorien","16S","16SAllFishDez2023","DADA2","C",27,2.55398990947518,0.894865769731539,27,12.858305043669,10.6560115203902
"EvanMorien_16S_NCBILCABestHit_DADA2","EvanMorien","16S","NCBILCABestHit","DADA2","A",30,2.70919979425218,0.900245109390565,30,15.0172538127819,11.874389172775
"EvanMorien_16S_NCBILCABestHit_DADA2","EvanMorien","16S","NCBILCABestHit","DADA2","B",31,2.69887905649205,0.898363231358302,31,14.863061731002,11.6646059361015
"EvanMorien_16S_NCBILCABestHit_DADA2","EvanMorien","16S","NCBILCABestHit","DADA2","C",28,2.62801490589253,0.898484150285317,28,13.8462564806492,11.2802934751015
"EvanMorien_16S_NCBILCA_DADA2","EvanMorien","16S","NCBILCA","DADA2","A",29,2.7013313090508,0.89991220291181,29,14.8995544385429,11.8202956454304
"EvanMorien_16S_NCBILCA_DADA2","EvanMorien","16S","NCBILCA","DADA2","B",31,2.69887905649205,0.898363231358302,31,14.863061731002,11.6646059361015
"EvanMorien_16S_NCBILCA_DADA2","EvanMorien","16S","NCBILCA","DADA2","C",27,2.6157374369344,0.897899858121729,27,13.6772988051615,11.1939866262172
"EvanMorien_COI_COIMetazoa_DADA2","EvanMorien","COI","COIMetazoa","DADA2","A",19,2.13896467418456,0.830648907200483,19,8.4906424953922,6.80641567984657
"EvanMorien_COI_COIMetazoa_DADA2","EvanMorien","COI","COIMetazoa","DADA2","B",17,2.12745155792297,0.827538866168633,17,8.39344931300379,6.76435417399726
"EvanMorien_COI_COIMetazoa_DADA2","EvanMorien","COI","COIMetazoa","DADA2","C",17,2.06655225683734,0.801004539383335,17,7.89754740996599,6.06289239622343
"EvanMorien_COI_NCBILCABestHit_DADA2","EvanMorien","COI","NCBILCABestHit","DADA2","A",19,2.13896467418456,0.830648907200483,19,8.4906424953922,6.80641567984657
"EvanMorien_COI_NCBILCABestHit_DADA2","EvanMorien","COI","NCBILCABestHit","DADA2","B",17,2.12745155792297,0.827538866168633,17,8.39344931300379,6.76435417399726
"EvanMorien_COI_NCBILCABestHit_DADA2","EvanMorien","COI","NCBILCABestHit","DADA2","C",17,2.06655225683734,0.801004539383335,17,7.89754740996599,6.06289239622343
"EvanMorien_COI_NCBILCA_DADA2","EvanMorien","COI","NCBILCA","DADA2","A",19,2.13896467418456,0.830648907200483,19,8.4906424953922,6.80641567984657
"EvanMorien_COI_NCBILCA_DADA2","EvanMorien","COI","NCBILCA","DADA2","B",17,2.12745155792297,0.827538866168633,17,8.39344931300379,6.76435417399726
"EvanMorien_COI_NCBILCA_DADA2","EvanMorien","COI","NCBILCA","DADA2","C",17,2.06655225683734,0.801004539383335,17,7.89754740996599,6.06289239622343
"FrankPanitz_12S_MifishDez2023_MiFish","FrankPanitz","12S","MifishDez2023","MiFish","A",89,3.49410311371441,0.944256486616154,89,32.9207485403605,22.8295195217372
"FrankPanitz_12S_MifishDez2023_MiFish","FrankPanitz","12S","MifishDez2023","MiFish","B",91,3.52849542047903,0.946744463007614,91,34.0726639967719,23.7901717750012
"FrankPanitz_12S_MifishDez2023_MiFish","FrankPanitz","12S","MifishDez2023","MiFish","C",85,3.46870013878804,0.945050633653087,85,32.0949962777602,22.7539399826901
"FrankPanitz_12S_mifishdbv3.83_MiFish","FrankPanitz","12S","mifishdbv3.83","MiFish","A",82,3.38207231585818,0.931362590150533,82,29.4316997379073,19.2940679523663
"FrankPanitz_12S_mifishdbv3.83_MiFish","FrankPanitz","12S","mifishdbv3.83","MiFish","B",84,3.40689311605528,0.934738625267974,84,30.1713595778527,20.0354765956534
"FrankPanitz_12S_mifishdbv3.83_MiFish","FrankPanitz","12S","mifishdbv3.83","MiFish","C",78,3.34351827271682,0.932082326183767,78,28.3185841455956,19.0488099332934
"geraldinePascal_12S_12SAllFishDez2023_frogsDADA2","geraldinePascal","12S","12SAllFishDez2023","frogsDADA2","A",34,2.59532256352068,0.874998071791075,34,13.400909308806,9.82650325227144
"geraldinePascal_12S_12SAllFishDez2023_frogsDADA2","geraldinePascal","12S","12SAllFishDez2023","frogsDADA2","B",36,2.66507713529953,0.886189975429709,36,14.3690578648333,10.6662275159233
"geraldinePascal_12S_12SAllFishDez2023_frogsDADA2","geraldinePascal","12S","12SAllFishDez2023","frogsDADA2","C",35,2.59982615960369,0.886508832827269,35,13.4613976968744,10.382429031764
"geraldinePascal_12S_12SAllFishDez2023_frogsSWARM","geraldinePascal","12S","12SAllFishDez2023","frogsSWARM","A",47,2.73227629693176,0.88412284952036,47,15.3678289776336,10.8186230701947
"geraldinePascal_12S_12SAllFishDez2023_frogsSWARM","geraldinePascal","12S","12SAllFishDez2023","frogsSWARM","B",47,2.77196523884892,0.893114939957838,47,15.9900273749523,11.5137730401714
"geraldinePascal_12S_12SAllFishDez2023_frogsSWARM","geraldinePascal","12S","12SAllFishDez2023","frogsSWARM","C",49,2.74604216680878,0.895298384525454,49,15.5808433116075,11.4717822728981
"geraldinePascal_16S_16SAllFishDez2023_frogsDADA2","geraldinePascal","16S","16SAllFishDez2023","frogsDADA2","A",31,2.75527038545612,0.90550860620018,31,15.7252922183398,12.4650724732717
"geraldinePascal_16S_16SAllFishDez2023_frogsDADA2","geraldinePascal","16S","16SAllFishDez2023","frogsDADA2","B",32,2.76969513325995,0.905013252989073,32,15.95376949462,12.5450548206039
"geraldinePascal_16S_16SAllFishDez2023_frogsDADA2","geraldinePascal","16S","16SAllFishDez2023","frogsDADA2","C",29,2.71440193222898,0.911262881216963,29,15.0955791922257,12.6661725616714
"geraldinePascal_16S_16SAllFishDez2023_frogsSWARM","geraldinePascal","16S","16SAllFishDez2023","frogsSWARM","A",37,2.81266719035719,0.908214832082193,37,16.6542791657402,12.9518313216397
"geraldinePascal_16S_16SAllFishDez2023_frogsSWARM","geraldinePascal","16S","16SAllFishDez2023","frogsSWARM","B",38,2.73390641173529,0.891250836345223,38,15.3929007325155,11.3312745332997
"geraldinePascal_16S_16SAllFishDez2023_frogsSWARM","geraldinePascal","16S","16SAllFishDez2023","frogsSWARM","C",37,2.67095177494383,0.896921835229108,37,14.4537193361532,11.3235422790439
"geraldinePascal_COI_COIMetazoaSep2024wormstax_frogsDADA2","geraldinePascal","COI","COIMetazoaSep2024wormstax","frogsDADA2","A",22,2.21162574875982,0.836497071414538,22,9.13054831088034,7.14348776409145
"geraldinePascal_COI_COIMetazoaSep2024wormstax_frogsDADA2","geraldinePascal","COI","COIMetazoaSep2024wormstax","frogsDADA2","B",18,2.17130476382522,0.835438442743146,18,8.76971899126088,7.10056196840559
"geraldinePascal_COI_COIMetazoaSep2024wormstax_frogsDADA2","geraldinePascal","COI","COIMetazoaSep2024wormstax","frogsDADA2","C",20,2.17095299892503,0.814341953700062,20,8.76663465444769,6.57773334673958
"geraldinePascal_COI_COIMetazoaSep2024wormstax_frogsSWARM","geraldinePascal","COI","COIMetazoaSep2024wormstax","frogsSWARM","A",27,2.15083496280226,0.816455924065869,27,8.59202942795755,6.41479350736573
"geraldinePascal_COI_COIMetazoaSep2024wormstax_frogsSWARM","geraldinePascal","COI","COIMetazoaSep2024wormstax","frogsSWARM","B",23,1.98966767547301,0.784764400350766,23,7.3131030349299,5.52899945048518
"geraldinePascal_COI_COIMetazoaSep2024wormstax_frogsSWARM","geraldinePascal","COI","COIMetazoaSep2024wormstax","frogsSWARM","C",23,1.88227388512087,0.705956805603492,23,6.5684237348599,4.32564609311097
"KingslyChuoBeng_12S_12SAllFishDez2023_DADA2","KingslyChuoBeng","12S","12SAllFishDez2023","DADA2","A",3,0.885680407461726,0.53678054786088,3,2.42463356913793,2.26724993856079
"KingslyChuoBeng_12S_12SAllFishDez2023_DADA2","KingslyChuoBeng","12S","12SAllFishDez2023","DADA2","B",3,0.751850800712461,0.419408284023669,3,2.12092178984256,1.87512588547035
"KingslyChuoBeng_12S_12SAllFishDez2023_DADA2","KingslyChuoBeng","12S","12SAllFishDez2023","DADA2","C",5,1.18663107857823,0.62830323436384,5,3.2760259217389,2.90124366838332
"KingslyChuoBeng_16S_16SAllFishDez2023_DADA2","KingslyChuoBeng","16S","16SAllFishDez2023","DADA2","A",2,0.603637251500326,0.413194444444444,2,1.82875837230756,1.76050923715659
"KingslyChuoBeng_16S_16SAllFishDez2023_DADA2","KingslyChuoBeng","16S","16SAllFishDez2023","DADA2","B",3,1.06120397596276,0.642578125,3,2.88984820337972,2.84152768381276
"KingslyChuoBeng_16S_16SAllFishDez2023_DADA2","KingslyChuoBeng","16S","16SAllFishDez2023","DADA2","C",3,0.796311640173813,0.448979591836735,3,2.21734745227321,1.97442617815391
"KingslyChuoBeng_COI_COIAllFishDez2023_DADA2","KingslyChuoBeng","COI","COIAllFishDez2023","DADA2","A",30,2.29117489847228,0.840976331360947,30,9.88654654865361,7.44687554945811
"KingslyChuoBeng_COI_COIAllFishDez2023_DADA2","KingslyChuoBeng","COI","COIAllFishDez2023","DADA2","B",22,2.26975794359832,0.841191953765415,22,9.67705813668283,7.50510285377108
"KingslyChuoBeng_COI_COIAllFishDez2023_DADA2","KingslyChuoBeng","COI","COIAllFishDez2023","DADA2","C",24,2.29070123913538,0.824767561983471,24,9.88186480243503,7.14863115180855
"lukeThompson_12S_12SAllFishDez2023_tourmaline","lukeThompson","12S","12SAllFishDez2023","tourmaline","C",38,2.58150266759143,0.882185554568479,38,13.2169839785706,10.0353341702671
"lukeThompson_12S_12SAllFishDez2023_tourmaline","lukeThompson","12S","12SAllFishDez2023","tourmaline","B",39,2.65916182459055,0.884030403655984,39,14.2843113211492,10.4770063219357
"lukeThompson_12S_12SAllFishDez2023_tourmaline","lukeThompson","12S","12SAllFishDez2023","tourmaline","A",34,2.55529172562709,0.869786814441684,34,12.875055093238,9.40545697480099
"lukeThompson_16S_16SAllFishDez2023_tourmaline","lukeThompson","16S","16SAllFishDez2023","tourmaline","C",29,2.6024099738297,0.900341680535434,29,13.496224421263,11.2335509390793
"lukeThompson_16S_16SAllFishDez2023_tourmaline","lukeThompson","16S","16SAllFishDez2023","tourmaline","B",28,2.6660957873602,0.899235929728875,28,14.3837023928101,11.6140627869118
"lukeThompson_16S_16SAllFishDez2023_tourmaline","lukeThompson","16S","16SAllFishDez2023","tourmaline","A",31,2.72145640427491,0.905993478521354,31,15.2024470385772,12.2974492489641
"lukeThompson_COI_COIMetazoa_tourmaline","lukeThompson","COI","COIMetazoa","tourmaline","A",34,2.37141603334356,0.847047806807237,34,10.712550878279,7.85284543272333
"lukeThompson_COI_COIMetazoa_tourmaline","lukeThompson","COI","COIMetazoa","tourmaline","B",26,2.35652240505578,0.848321424965848,26,10.5541843807537,7.9757216112094
"lukeThompson_COI_COIMetazoa_tourmaline","lukeThompson","COI","COIMetazoa","tourmaline","C",29,2.3770313364829,0.830823141617372,29,10.7728743075189,7.52898242798931
"MadsReinholdtJensen_12S_nt_MetaBarFlow","MadsReinholdtJensen","12S","nt","MetaBarFlow","A",33,3.03612450160251,0.930775358279724,33,20.8243817888468,17.0420815763334
"MadsReinholdtJensen_12S_nt_MetaBarFlow","MadsReinholdtJensen","12S","nt","MetaBarFlow","B",34,3.02495672132118,0.925361716301316,34,20.593113449167,16.3363554356472
"MadsReinholdtJensen_12S_nt_MetaBarFlow","MadsReinholdtJensen","12S","nt","MetaBarFlow","C",33,2.98038860208098,0.927108897055294,33,19.6954688580172,16.1347192625349
"MadsReinholdtJensen_16S_nt_MetaBarFlow","MadsReinholdtJensen","16S","nt","MetaBarFlow","A",29,3.11516388104076,0.948456956015408,29,22.5371234581196,20.7235490728802
"MadsReinholdtJensen_16S_nt_MetaBarFlow","MadsReinholdtJensen","16S","nt","MetaBarFlow","B",23,2.94475909351109,0.940213599145603,23,19.0060831461476,17.7134313510331
"MadsReinholdtJensen_16S_nt_MetaBarFlow","MadsReinholdtJensen","16S","nt","MetaBarFlow","C",31,3.21635985265607,0.953701986807221,31,24.9371797548306,23.056344465883
"MariusEisele_COI_BOLD_UNOISE3metaMATE","MariusEisele","COI","BOLD","UNOISE3metaMATE","A",43,2.61411630239458,0.883616047391876,43,13.6551440264476,10.2149567161267
"MariusEisele_COI_BOLD_UNOISE3metaMATE","MariusEisele","COI","BOLD","UNOISE3metaMATE","B",35,2.51976482588584,0.882527294431012,35,12.4256741230334,9.81946849191118
"MariusEisele_COI_BOLD_UNOISE3metaMATE","MariusEisele","COI","BOLD","UNOISE3metaMATE","C",38,2.67210939428985,0.880551155735724,38,14.4704609296054,10.4444466521637
"MykleHoban_12S_12SAllFishDez2023_rainbowbridge","MykleHoban","12S","12SAllFishDez2023","rainbowbridge","A",47,2.76483870627154,0.885257648426972,47,15.8764790075902,11.0105981090162
"MykleHoban_12S_12SAllFishDez2023_rainbowbridge","MykleHoban","12S","12SAllFishDez2023","rainbowbridge","B",52,2.83987160193697,0.895007135453851,52,17.1135680470834,11.9132155870642
"MykleHoban_12S_12SAllFishDez2023_rainbowbridge","MykleHoban","12S","12SAllFishDez2023","rainbowbridge","C",49,2.75913082701345,0.894763624818716,49,15.7861161179373,11.4990128960598
"MykleHoban_16S_16SAllFishDez2023_rainbowbridge","MykleHoban","16S","16SAllFishDez2023","rainbowbridge","A",44,2.97479794010679,0.920973391585238,44,19.5856653722917,15.1144750035265
"MykleHoban_16S_16SAllFishDez2023_rainbowbridge","MykleHoban","16S","16SAllFishDez2023","rainbowbridge","B",43,2.92643177863667,0.913195349263605,43,18.6609252457762,14.0237881870558
"MykleHoban_16S_16SAllFishDez2023_rainbowbridge","MykleHoban","16S","16SAllFishDez2023","rainbowbridge","C",36,2.7852831213921,0.914467082559356,36,16.2044050410833,13.2728581146868
"MykleHoban_COI_COIMetazoa_rainbowbridge","MykleHoban","COI","COIMetazoa","rainbowbridge","A",28,2.2887646963819,0.837749870367514,28,9.86274666627983,7.35532913426046
"MykleHoban_COI_COIMetazoa_rainbowbridge","MykleHoban","COI","COIMetazoa","rainbowbridge","B",26,2.32710212955464,0.844744361255576,26,10.2482005036736,7.77221892983223
"MykleHoban_COI_COIMetazoa_rainbowbridge","MykleHoban","COI","COIMetazoa","rainbowbridge","C",26,2.2692181103689,0.820139462788138,26,9.67183554892762,6.92865148469198
"OnurDogan_COI_MIDORI2_APSCALE","OnurDogan","COI","MIDORI2","APSCALE","A",21,1.79255111641066,0.750329012048528,21,6.00475176370767,4.61181440930852
"OnurDogan_COI_MIDORI2_APSCALE","OnurDogan","COI","MIDORI2","APSCALE","B",15,1.60595109704727,0.695122398540881,15,4.98259628247359,3.8292454232112
"OnurDogan_COI_MIDORI2_APSCALE","OnurDogan","COI","MIDORI2","APSCALE","C",16,1.42400199552126,0.600606288962507,16,4.15371035195842,2.97920601302545
"OnurDogan_COI_MIDORI2_APSCALEwithCuration","OnurDogan","COI","MIDORI2","APSCALEwithCuration","A",6,0.792738468043832,0.501320406058127,6,2.20943862636712,2.06218604313708
"OnurDogan_COI_MIDORI2_APSCALEwithCuration","OnurDogan","COI","MIDORI2","APSCALEwithCuration","B",4,0.779364008403742,0.472920112772177,4,2.1800853085631,1.99823580354946
"OnurDogan_COI_MIDORI2_APSCALEwithCuration","OnurDogan","COI","MIDORI2","APSCALEwithCuration","C",6,0.671813162065403,0.39370484740752,6,1.95778388388786,1.75068200538838
"oriolCanals_COI_COIMetazoaSep2024wormstax_In-house","oriolCanals","COI","COIMetazoaSep2024wormstax","In-house","A",227,2.60956431608734,0.862041452161595,227,13.593127254649,8.73115446030657
"oriolCanals_COI_COIMetazoaSep2024wormstax_In-house","oriolCanals","COI","COIMetazoaSep2024wormstax","In-house","B",190,2.49716070274219,0.834666332547912,190,12.1479532978167,7.62576971777201
"oriolCanals_COI_COIMetazoaSep2024wormstax_In-house","oriolCanals","COI","COIMetazoaSep2024wormstax","In-house","C",205,2.2980600537717,0.796154185831381,205,9.9548518334265,6.04775780724024
"PilarCabezas_12S_12SAllFishDez2023_pMiFishcurated","PilarCabezas","12S","12SAllFishDez2023","pMiFishcurated","A",35,2.45129752021514,0.860239175105458,35,11.6033925924031,8.62281944733336
"PilarCabezas_12S_12SAllFishDez2023_pMiFishcurated","PilarCabezas","12S","12SAllFishDez2023","pMiFishcurated","B",32,2.45279189823601,0.865897701758989,32,11.6207454098658,8.84162890467365
"PilarCabezas_12S_12SAllFishDez2023_pMiFishcurated","PilarCabezas","12S","12SAllFishDez2023","pMiFishcurated","C",39,2.49038678189081,0.874271148867664,39,12.0659421059293,9.27791955036094
"PilarCabezas_16S_16SAllFishDez2023_pMiFishcurated","PilarCabezas","16S","16SAllFishDez2023","pMiFishcurated","A",37,2.60318441825337,0.878821893346694,37,13.5066805453275,9.97730140641981
"PilarCabezas_16S_16SAllFishDez2023_pMiFishcurated","PilarCabezas","16S","16SAllFishDez2023","pMiFishcurated","B",39,2.53405552907021,0.863081542217426,39,12.60452062118,8.98833220297952
"PilarCabezas_16S_16SAllFishDez2023_pMiFishcurated","PilarCabezas","16S","16SAllFishDez2023","pMiFishcurated","C",36,2.4109842323221,0.856835439441995,36,11.1449249440748,8.2919860765209
"PilarCabezas_COI_COIMetazoa_pMiFishcurated","PilarCabezas","COI","COIMetazoa","pMiFishcurated","A",31,2.10003792370203,0.811079896647278,31,8.16647960983452,6.17033251501581
"PilarCabezas_COI_COIMetazoa_pMiFishcurated","PilarCabezas","COI","COIMetazoa","pMiFishcurated","B",23,1.94947151303433,0.780440867099607,23,7.02497399219518,5.36523734118274
"PilarCabezas_COI_COIMetazoa_pMiFishcurated","PilarCabezas","COI","COIMetazoa","pMiFishcurated","C",25,1.84238278019201,0.707610998899575,25,6.31155941662219,4.26091773195055
"PilarCabezas_12S_12SAllFishDez2023_pMiFishnoCuration","PilarCabezas","12S","12SAllFishDez2023","pMiFishnoCuration","A",42,2.59687968359357,0.876405957391401,42,13.4217923881974,9.8546035339277
"PilarCabezas_12S_12SAllFishDez2023_pMiFishnoCuration","PilarCabezas","12S","12SAllFishDez2023","pMiFishnoCuration","B",41,2.60384871836409,0.881885383219846,41,13.5156560155821,10.1481139360794
"PilarCabezas_12S_12SAllFishDez2023_pMiFishnoCuration","PilarCabezas","12S","12SAllFishDez2023","pMiFishnoCuration","C",46,2.63107982847163,0.888011019225444,46,13.888759285404,10.532151937045
"PilarCabezas_16S_16SAllFishDez2023_pMiFishnoCuration","PilarCabezas","16S","16SAllFishDez2023","pMiFishnoCuration","A",41,2.69304622895629,0.89081128530524,41,14.7766203990369,11.0327627582227
"PilarCabezas_16S_16SAllFishDez2023_pMiFishnoCuration","PilarCabezas","16S","16SAllFishDez2023","pMiFishnoCuration","B",44,2.6306524366994,0.872838767697863,44,13.8828246122645,9.78090486262097
"PilarCabezas_16S_16SAllFishDez2023_pMiFishnoCuration","PilarCabezas","16S","16SAllFishDez2023","pMiFishnoCuration","C",40,2.51430943080235,0.876477869978098,40,12.3580717280614,9.43087847120642
"PilarCabezas_COI_COIMetazoa_pMiFishnoCuration","PilarCabezas","COI","COIMetazoa","pMiFishnoCuration","A",31,2.10003792370203,0.811079896647278,31,8.16647960983452,6.17033251501581
"PilarCabezas_COI_COIMetazoa_pMiFishnoCuration","PilarCabezas","COI","COIMetazoa","pMiFishnoCuration","B",23,1.94947151303433,0.780440867099607,23,7.02497399219518,5.36523734118274
"PilarCabezas_COI_COIMetazoa_pMiFishnoCuration","PilarCabezas","COI","COIMetazoa","pMiFishnoCuration","C",25,1.84238278019201,0.707610998899575,25,6.31155941662219,4.26091773195055
"SaaraSuominen_12S_12SAllFishDez2023_PacMAN","SaaraSuominen","12S","12SAllFishDez2023","PacMAN","B",1539,5.56083499292159,0.98500499896024,1539,260.039877153316,112.393467830393
"SaaraSuominen_12S_12SAllFishDez2023_PacMAN","SaaraSuominen","12S","12SAllFishDez2023","PacMAN","C",1505,5.58246077690221,0.984921084473777,1505,265.724691090233,115.201651706103
"SaaraSuominen_12S_12SAllFishDez2023_PacMAN","SaaraSuominen","12S","12SAllFishDez2023","PacMAN","A",1559,5.6632645253921,0.986687145094236,1559,288.08757834699,127.055958139478
"SaaraSuominen_12S_12SMifishncbint_PacMAN","SaaraSuominen","12S","12SMifishncbint","PacMAN","B",77,3.45513319205953,0.947056970367632,77,31.662505595769,23.215214898186
"SaaraSuominen_12S_12SMifishncbint_PacMAN","SaaraSuominen","12S","12SMifishncbint","PacMAN","C",79,3.42406201469806,0.947874679061333,79,30.6938409731146,23.0351933839809
"SaaraSuominen_12S_12SMifishncbint_PacMAN","SaaraSuominen","12S","12SMifishncbint","PacMAN","A",75,3.40850338011311,0.94298021536382,75,30.2199825711796,21.8514430374627
"SaaraSuominen_16S_16SAllFishDez2023_PacMAN","SaaraSuominen","16S","16SAllFishDez2023","PacMAN","B",759,3.9609255485135,0.915334793542297,759,52.50590022461,19.7720292479217
"SaaraSuominen_16S_16SAllFishDez2023_PacMAN","SaaraSuominen","16S","16SAllFishDez2023","PacMAN","C",687,3.94894481453156,0.912332250259867,687,51.8805942931264,19.3916551406868
"SaaraSuominen_16S_16SAllFishDez2023_PacMAN","SaaraSuominen","16S","16SAllFishDez2023","PacMAN","A",738,4.17041954354147,0.935828260893267,738,64.7426087536678,26.1045432416453
"SaaraSuominen_16S_16S-ncbi_PacMAN","SaaraSuominen","16S","16S-ncbi","PacMAN","B",46,2.92217505612594,0.91236400736493,46,18.5816596906367,13.9109882918732
"SaaraSuominen_16S_16S-ncbi_PacMAN","SaaraSuominen","16S","16S-ncbi","PacMAN","C",46,2.84599846924091,0.912551496491688,46,17.2187424734746,13.407234558103
"SaaraSuominen_16S_16S-ncbi_PacMAN","SaaraSuominen","16S","16S-ncbi","PacMAN","A",47,2.97752574289733,0.917719036831508,47,19.6391641388179,14.7810315901936
"SaaraSuominen_COI_COINCBInt_PacMAN","SaaraSuominen","COI","COINCBInt","PacMAN","B",33,2.34873002572258,0.846658406438631,33,10.4722617730599,7.88079293895109
"SaaraSuominen_COI_COINCBInt_PacMAN","SaaraSuominen","COI","COINCBInt","PacMAN","C",36,2.3732956329283,0.829441487374588,36,10.7327051194794,7.45624736867205
"SaaraSuominen_COI_COINCBInt_PacMAN","SaaraSuominen","COI","COINCBInt","PacMAN","A",44,2.38986914245285,0.847042506910627,44,10.9120659234293,7.88319809939255
"SaaraSuominen_12S_12SCRABSCustom_MetaWorksASV","SaaraSuominen","12S","12SCRABSCustom","MetaWorksASV","A",44,2.71197033645218,0.882846976136288,44,15.0589174369622,10.6511491128095
"SaaraSuominen_12S_12SCRABSCustom_MetaWorksASV","SaaraSuominen","12S","12SCRABSCustom","MetaWorksASV","B",52,2.84532917432995,0.896315250935461,52,17.2072219125204,12.0411940625234
"SaaraSuominen_12S_12SCRABSCustom_MetaWorksASV","SaaraSuominen","12S","12SCRABSCustom","MetaWorksASV","C",41,2.69755473457503,0.891962140931256,41,14.8433912804769,11.0779704327085
"SaaraSuominen_12S_12SAllFishDez2023_MetaWorksASV","SaaraSuominen","12S","12SAllFishDez2023","MetaWorksASV","B",809,4.94331205016048,0.97760615332124,809,140.233943101743,69.0269734072981
"SaaraSuominen_12S_12SAllFishDez2023_MetaWorksASV","SaaraSuominen","12S","12SAllFishDez2023","MetaWorksASV","A",823,5.00307552918768,0.979749330062,823,148.870310736484,75.1644133391023
"SaaraSuominen_12S_12SAllFishDez2023_MetaWorksASV","SaaraSuominen","12S","12SAllFishDez2023","MetaWorksASV","C",729,4.90857160389765,0.978754500913125,729,135.445805905333,70.5796646388046
"SaaraSuominen_12S_TerrimporterFish_MetaWorksASV","SaaraSuominen","12S","TerrimporterFish","MetaWorksASV","C",680,4.9664254179366,0.979947723309385,680,143.512970508895,76.4104578781967
"SaaraSuominen_12S_TerrimporterFish_MetaWorksASV","SaaraSuominen","12S","TerrimporterFish","MetaWorksASV","B",756,5.01767271303843,0.978545794934432,756,151.059335964831,75.0645002058201
"SaaraSuominen_12S_TerrimporterFish_MetaWorksASV","SaaraSuominen","12S","TerrimporterFish","MetaWorksASV","A",771,5.04460110080704,0.97992472360501,771,155.182384722337,78.5368035582312
"SaaraSuominen_12S_TerrimporterVert_MetaWorksASV","SaaraSuominen","12S","TerrimporterVert","MetaWorksASV","C",41,2.69755473457503,0.891962140931256,41,14.8433912804769,11.0779704327085
"SaaraSuominen_12S_TerrimporterVert_MetaWorksASV","SaaraSuominen","12S","TerrimporterVert","MetaWorksASV","B",52,2.84532917432995,0.896315250935461,52,17.2072219125204,12.0411940625234
"SaaraSuominen_12S_TerrimporterVert_MetaWorksASV","SaaraSuominen","12S","TerrimporterVert","MetaWorksASV","A",44,2.71197033645218,0.882846976136288,44,15.0589174369622,10.6511491128095
"SaaraSuominen_12S_12SCRABSCustom_MetaWorksOTU","SaaraSuominen","12S","12SCRABSCustom","MetaWorksOTU","C",32,2.60491167843862,0.888969493754109,32,13.5300302565764,10.5626781369239
"SaaraSuominen_12S_12SCRABSCustom_MetaWorksOTU","SaaraSuominen","12S","12SCRABSCustom","MetaWorksOTU","A",35,2.61905673045291,0.878681947815769,35,13.7227732041231,10.1012862538249
"SaaraSuominen_12S_12SCRABSCustom_MetaWorksOTU","SaaraSuominen","12S","12SCRABSCustom","MetaWorksOTU","B",38,2.7018300117584,0.890740388615775,38,14.9069867397837,11.1007424356746
"SaaraSuominen_12S_12SAllFishDez2023_MetaWorksOTU","SaaraSuominen","12S","12SAllFishDez2023","MetaWorksOTU","C",32,2.60491167843862,0.888969493754109,32,13.5300302565764,10.5626781369239
"SaaraSuominen_12S_12SAllFishDez2023_MetaWorksOTU","SaaraSuominen","12S","12SAllFishDez2023","MetaWorksOTU","A",35,2.61905673045291,0.878681947815769,35,13.7227732041231,10.1012862538249
"SaaraSuominen_12S_12SAllFishDez2023_MetaWorksOTU","SaaraSuominen","12S","12SAllFishDez2023","MetaWorksOTU","B",38,2.7018300117584,0.890740388615775,38,14.9069867397837,11.1007424356746
"SaaraSuominen_12S_TerrimporterFish_MetaWorksOTU","SaaraSuominen","12S","TerrimporterFish","MetaWorksOTU","B",648,4.89209418763789,0.977249549349548,648,133.232295528146,68.8859875619064
"SaaraSuominen_12S_TerrimporterFish_MetaWorksOTU","SaaraSuominen","12S","TerrimporterFish","MetaWorksOTU","A",651,4.93457777756199,0.979207077535136,651,139.014435125441,73.6656130856911
"SaaraSuominen_12S_TerrimporterFish_MetaWorksOTU","SaaraSuominen","12S","TerrimporterFish","MetaWorksOTU","C",613,4.87851223087599,0.979252135166373,613,131.434973455514,72.1379286546192
"SaaraSuominen_12S_TerrimporterVert_MetaWorksOTU","SaaraSuominen","12S","TerrimporterVert","MetaWorksOTU","A",35,2.61905673045291,0.878681947815769,35,13.7227732041231,10.1012862538249
"SaaraSuominen_12S_TerrimporterVert_MetaWorksOTU","SaaraSuominen","12S","TerrimporterVert","MetaWorksOTU","C",32,2.60491167843862,0.888969493754109,32,13.5300302565764,10.5626781369239
"SaaraSuominen_12S_TerrimporterVert_MetaWorksOTU","SaaraSuominen","12S","TerrimporterVert","MetaWorksOTU","B",38,2.7018300117584,0.890740388615775,38,14.9069867397837,11.1007424356746
"SaaraSuominen_16S_16SCRABSCustom_MetaWorksASV","SaaraSuominen","16S","16SCRABSCustom","MetaWorksASV","B",40,2.84331970636149,0.907252272469357,40,17.1726792690523,13.0036529633144
"SaaraSuominen_16S_16SCRABSCustom_MetaWorksASV","SaaraSuominen","16S","16SCRABSCustom","MetaWorksASV","C",32,2.72711122820951,0.909237309875582,32,15.2886577233473,12.5339462885639
"SaaraSuominen_16S_16SCRABSCustom_MetaWorksASV","SaaraSuominen","16S","16SCRABSCustom","MetaWorksASV","A",43,2.94549657244903,0.918042107845913,43,19.0201049018999,14.5699304743222
"SaaraSuominen_16S_16SAllFishDez2023_MetaWorksASV","SaaraSuominen","16S","16SAllFishDez2023","MetaWorksASV","C",461,4.15750291153693,0.938409201899001,461,63.9117299312875,27.2934930065279
"SaaraSuominen_16S_16SAllFishDez2023_MetaWorksASV","SaaraSuominen","16S","16SAllFishDez2023","MetaWorksASV","B",500,4.12880905591483,0.93752538109599,500,62.1039165826746,26.4622473521399
"SaaraSuominen_16S_16SAllFishDez2023_MetaWorksASV","SaaraSuominen","16S","16SAllFishDez2023","MetaWorksASV","A",495,4.32713774489621,0.95396943404989,495,75.7272254377061,35.1132473341057
"SaaraSuominen_16S_16SCRABSCustom_MetaWorksOTU","SaaraSuominen","16S","16SCRABSCustom","MetaWorksOTU","B",34,2.66557339105113,0.8867835065456,34,14.3761903620689,10.7553658230564
"SaaraSuominen_16S_16SCRABSCustom_MetaWorksOTU","SaaraSuominen","16S","16SCRABSCustom","MetaWorksOTU","C",32,2.59221762475195,0.884869045611161,32,13.3593648358555,10.3062212852583
"SaaraSuominen_16S_16SCRABSCustom_MetaWorksOTU","SaaraSuominen","16S","16SCRABSCustom","MetaWorksOTU","A",35,2.76616647094066,0.90282706886906,35,15.8975732364733,12.2665594178939
"SaaraSuominen_16S_16SAllFishDez2023_MetaWorksOTU","SaaraSuominen","16S","16SAllFishDez2023","MetaWorksOTU","C",383,3.9313379449495,0.921158853677692,383,50.9751339874017,21.4641092702298
"SaaraSuominen_16S_16SAllFishDez2023_MetaWorksOTU","SaaraSuominen","16S","16SAllFishDez2023","MetaWorksOTU","B",398,3.89089358608279,0.919219420622897,398,48.9546121446198,20.660738160201
"SaaraSuominen_16S_16SAllFishDez2023_MetaWorksOTU","SaaraSuominen","16S","16SAllFishDez2023","MetaWorksOTU","A",396,4.10874538119809,0.941372617923734,396,60.87030061894,28.0037542446194
"SaaraSuominen_COI_COICRABSCustom_MetaWorksASV","SaaraSuominen","COI","COICRABSCustom","MetaWorksASV","A",26,2.26918171559057,0.83506302425133,26,9.67148355102232,7.23005816815549
"SaaraSuominen_COI_COICRABSCustom_MetaWorksASV","SaaraSuominen","COI","COICRABSCustom","MetaWorksASV","B",24,2.34444978998484,0.849353489958351,24,10.4275338153516,7.98321228218325
"SaaraSuominen_COI_COICRABSCustom_MetaWorksASV","SaaraSuominen","COI","COICRABSCustom","MetaWorksASV","C",24,2.25075170212461,0.813333810185034,24,9.49487046876763,6.74835080476193
"SaaraSuominen_COI_COICRABSCustom_MetaWorksASVPseudogenefiltering","SaaraSuominen","COI","COICRABSCustom","MetaWorksASVPseudogenefiltering","C",NA,NA,NA,NA,NA,NA
"SaaraSuominen_COI_COICRABSCustom_MetaWorksASVPseudogenefiltering","SaaraSuominen","COI","COICRABSCustom","MetaWorksASVPseudogenefiltering","B",NA,NA,NA,NA,NA,NA
"SaaraSuominen_COI_COICRABSCustom_MetaWorksASVPseudogenefiltering","SaaraSuominen","COI","COICRABSCustom","MetaWorksASVPseudogenefiltering","A",NA,NA,NA,NA,NA,NA
"SaaraSuominen_COI_COICRABSCustom_MetaWorksOTU","SaaraSuominen","COI","COICRABSCustom","MetaWorksOTU","A",20,2.02297184527828,0.804771683689396,20,7.56076099075465,5.90946973633798
"SaaraSuominen_COI_COICRABSCustom_MetaWorksOTU","SaaraSuominen","COI","COICRABSCustom","MetaWorksOTU","C",19,1.79117258624394,0.695474956835881,19,5.99647973518812,4.08963908033413
"SaaraSuominen_COI_COICRABSCustom_MetaWorksOTU","SaaraSuominen","COI","COICRABSCustom","MetaWorksOTU","B",16,1.91702307566795,0.781542241588416,16,6.80068318602109,5.34618339254709
"SaaraSuominen_COI_COICRABSCustom_MetaWorksOTUPseudogenefiltering","SaaraSuominen","COI","COICRABSCustom","MetaWorksOTUPseudogenefiltering","B",16,1.91702307566795,0.781542241588416,16,6.80068318602109,5.34618339254709
"SaaraSuominen_COI_COICRABSCustom_MetaWorksOTUPseudogenefiltering","SaaraSuominen","COI","COICRABSCustom","MetaWorksOTUPseudogenefiltering","C",19,1.79117258624394,0.695474956835881,19,5.99647973518812,4.08963908033413
"SaaraSuominen_COI_COICRABSCustom_MetaWorksOTUPseudogenefiltering","SaaraSuominen","COI","COICRABSCustom","MetaWorksOTUPseudogenefiltering","A",20,2.02297184527828,0.804771683689396,20,7.56076099075465,5.90946973633798
"seanJungbluth_COI_CRUXcustom_DADA2","seanJungbluth","COI","CRUXcustom","DADA2","A",61,2.1740090747481,0.817769882500936,61,8.79346713482846,6.45759237491142
"seanJungbluth_COI_CRUXcustom_DADA2","seanJungbluth","COI","CRUXcustom","DADA2","B",55,1.95763217800491,0.781062274424662,55,7.08253700815911,5.36621522544937
"seanJungbluth_COI_CRUXcustom_DADA2","seanJungbluth","COI","CRUXcustom","DADA2","C",52,2.1746046093587,0.810078188865562,52,8.79870550851599,6.3665064754368
"StenAnslan_12S_12SAllFishDez2023_PipeCraft2 DADA2 ASV","StenAnslan","12S","12SAllFishDez2023","PipeCraft2 DADA2 ASV","A",217,4.74694819947478,0.986423582553003,217,115.232082046171,89.7024715661728
"StenAnslan_12S_12SAllFishDez2023_PipeCraft2 DADA2 ASV","StenAnslan","12S","12SAllFishDez2023","PipeCraft2 DADA2 ASV","B",232,4.77946758935707,0.98618003912335,232,119.04095449896,90.3191127195785
"StenAnslan_12S_12SAllFishDez2023_PipeCraft2 DADA2 ASV","StenAnslan","12S","12SAllFishDez2023","PipeCraft2 DADA2 ASV","C",196,4.66273974362773,0.985524745963029,196,105.925894764447,83.2742085445982
"StenAnslan_12S_12SAllFishDez2023_PipeCraft2 DADA2 OTU","StenAnslan","12S","12SAllFishDez2023","PipeCraft2 DADA2 OTU","A",23,1.97389424347408,0.790276986413501,23,7.19865529124287,5.50052661767837
"StenAnslan_12S_12SAllFishDez2023_PipeCraft2 DADA2 OTU","StenAnslan","12S","12SAllFishDez2023","PipeCraft2 DADA2 OTU","B",26,1.96666640945242,0.771495920013255,26,7.14681218798832,5.19744253560944
"StenAnslan_12S_12SAllFishDez2023_PipeCraft2 DADA2 OTU","StenAnslan","12S","12SAllFishDez2023","PipeCraft2 DADA2 OTU","C",24,1.95970201299724,0.789212971877675,24,7.09721187312841,5.47689798885765
"StenAnslan_16S_16SAllFishDez2023_PipeCraft2 DADA2 ASV","StenAnslan","16S","16SAllFishDez2023","PipeCraft2 DADA2 ASV","A",33,3.23846808794396,0.954438489734777,33,25.4946362765669,23.4180704920802
"StenAnslan_16S_16SAllFishDez2023_PipeCraft2 DADA2 ASV","StenAnslan","16S","16SAllFishDez2023","PipeCraft2 DADA2 ASV","B",27,3.06890644866866,0.948225883218185,27,21.5183583744496,20.202329939968
"StenAnslan_16S_16SAllFishDez2023_PipeCraft2 DADA2 ASV","StenAnslan","16S","16SAllFishDez2023","PipeCraft2 DADA2 ASV","C",24,2.96695575027826,0.942708898996613,24,19.4326715538991,18.2481024155322
"StenAnslan_16S_16SAllFishDez2023_PipeCraft2 DADA2 OTU","StenAnslan","16S","16SAllFishDez2023","PipeCraft2 DADA2 OTU","A",25,2.59574275214329,0.883463652700497,25,13.4065414016181,10.4481330189693
"StenAnslan_16S_16SAllFishDez2023_PipeCraft2 DADA2 OTU","StenAnslan","16S","16SAllFishDez2023","PipeCraft2 DADA2 OTU","B",19,2.37786882209158,0.864714213066241,19,10.7819002137213,8.73070970815554
"StenAnslan_16S_16SAllFishDez2023_PipeCraft2 DADA2 OTU","StenAnslan","16S","16SAllFishDez2023","PipeCraft2 DADA2 OTU","C",17,2.2188528769961,0.835326640224397,17,9.19677498044848,7.26240255947075
"StenAnslan_16S_COIMetazoa_PipeCraft2 DADA2 ASV","StenAnslan","16S","COIMetazoa","PipeCraft2 DADA2 ASV","A",7,0.986132695068032,0.49759569876188,7,2.68084674719822,2.20702153355076
"StenAnslan_16S_COIMetazoa_PipeCraft2 DADA2 ASV","StenAnslan","16S","COIMetazoa","PipeCraft2 DADA2 ASV","B",4,0.822702142866447,0.449716262975778,4,2.27664334905647,1.98907123306527
"StenAnslan_16S_COIMetazoa_PipeCraft2 DADA2 ASV","StenAnslan","16S","COIMetazoa","PipeCraft2 DADA2 ASV","C",12,1.62044224390813,0.712218364197531,12,5.05532550918734,4.02501114492454
"StenAnslan_COI_COIMetazoa_PipeCraft2 DADA2 OTU","StenAnslan","COI","COIMetazoa","PipeCraft2 DADA2 OTU","A",7,0.986132695068032,0.49759569876188,7,2.68084674719822,2.20702153355076
"StenAnslan_COI_COIMetazoa_PipeCraft2 DADA2 OTU","StenAnslan","COI","COIMetazoa","PipeCraft2 DADA2 OTU","B",4,0.822702142866447,0.449716262975778,4,2.27664334905647,1.98907123306527
"StenAnslan_COI_COIMetazoa_PipeCraft2 DADA2 OTU","StenAnslan","COI","COIMetazoa","PipeCraft2 DADA2 OTU","C",11,1.20737816554962,0.52014274691358,11,3.3447038868451,2.46077145247301
"TomasVetrovsky_12S_12SAllFishDez2023_SEED2","TomasVetrovsky","12S","12SAllFishDez2023","SEED2","A",68,4.01711968427468,0.975911458333333,68,55.5408998883656,48.3128025265858
"TomasVetrovsky_12S_12SAllFishDez2023_SEED2","TomasVetrovsky","12S","12SAllFishDez2023","SEED2","B",57,3.61616891990916,0.959423305588585,57,37.1947982647556,29.6781213532381
"TomasVetrovsky_12S_12SAllFishDez2023_SEED2","TomasVetrovsky","12S","12SAllFishDez2023","SEED2","C",50,3.74667384525221,0.971260387811634,50,42.3798852525783,38.4536102132268
"TomasVetrovsky_12S_NCBI_SEED2","TomasVetrovsky","12S","NCBI","SEED2","A",1,0,0,1,1,1
"TomasVetrovsky_12S_NCBI_SEED2","TomasVetrovsky","12S","NCBI","SEED2","B",2,0.286835983056161,0.152777777777778,2,1.33220569124945,1.22992322458582
"TomasVetrovsky_12S_NCBI_SEED2","TomasVetrovsky","12S","NCBI","SEED2","C",1,0,0,1,1,1
"TomasVetrovsky_16S_16SAllFishDez2023_SEED2","TomasVetrovsky","16S","16SAllFishDez2023","SEED2","A",NA,NA,NA,NA,NA,NA
"TomasVetrovsky_16S_16SAllFishDez2023_SEED2","TomasVetrovsky","16S","16SAllFishDez2023","SEED2","B",1,0,0,1,1,1
"TomasVetrovsky_16S_16SAllFishDez2023_SEED2","TomasVetrovsky","16S","16SAllFishDez2023","SEED2","C",NA,NA,NA,NA,NA,NA
"TomasVetrovsky_16S_NCBI_SEED2","TomasVetrovsky","16S","NCBI","SEED2","A",NA,NA,NA,NA,NA,NA
"TomasVetrovsky_16S_NCBI_SEED2","TomasVetrovsky","16S","NCBI","SEED2","B",NA,NA,NA,NA,NA,NA
"TomasVetrovsky_16S_NCBI_SEED2","TomasVetrovsky","16S","NCBI","SEED2","C",NA,NA,NA,NA,NA,NA
"TomasVetrovsky_COI_COIMetazoaSep2024wormstax_SEED2","TomasVetrovsky","COI","COIMetazoaSep2024wormstax","SEED2","B",142,2.97763814677985,0.913848860350322,142,19.6413717811881,13.9784989515619
"TomasVetrovsky_COI_COIMetazoaSep2024wormstax_SEED2","TomasVetrovsky","COI","COIMetazoaSep2024wormstax","SEED2","C",143,2.97877509330203,0.892519359691432,143,19.663715670022,12.212666257323
"TomasVetrovsky_COI_COIMetazoaSep2024wormstax_SEED2","TomasVetrovsky","COI","COIMetazoaSep2024wormstax","SEED2","A",160,3.05225378566333,0.9125440830721,160,21.1629875516098,14.0206429513894
"VictorPylro_16S_16SAllFishDez2023_inhousepipeline","VictorPylro","16S","16SAllFishDez2023","inhousepipeline","A",1160,4.75321211998296,0.965836526442057,1160,115.956152039031,49.1135431560396
"VictorPylro_16S_16SAllFishDez2023_inhousepipeline","VictorPylro","16S","16SAllFishDez2023","inhousepipeline","B",1132,4.56946467574094,0.954877005289764,1132,96.4924411997681,38.1243741303648
"VictorPylro_16S_16SAllFishDez2023_inhousepipeline","VictorPylro","16S","16SAllFishDez2023","inhousepipeline","C",1080,4.56631332526265,0.95403476906282,1080,96.1888383298234,37.6372546487932
"ZacharyGold_COI_COIMetazoa_Anacapa100","ZacharyGold","COI","COIMetazoa","Anacapa100","A",54,2.31175014496904,0.839946296653049,54,10.0920717966632,7.44048527480213
"ZacharyGold_COI_COIMetazoa_Anacapa100","ZacharyGold","COI","COIMetazoa","Anacapa100","B",48,2.00367208948809,0.785658411092314,48,7.41623925310043,5.52663887817462
"ZacharyGold_COI_COIMetazoa_Anacapa100","ZacharyGold","COI","COIMetazoa","Anacapa100","C",44,2.27681681671478,0.818957578608312,44,9.74560892321871,6.92995639678832
"ZacharyGold_COI_COIMetazoa_Anacapa95","ZacharyGold","COI","COIMetazoa","Anacapa95","A",54,2.31175014496904,0.839946296653049,54,10.0920717966632,7.44048527480213
"ZacharyGold_COI_COIMetazoa_Anacapa95","ZacharyGold","COI","COIMetazoa","Anacapa95","B",48,2.00367208948809,0.785658411092314,48,7.41623925310043,5.52663887817462
"ZacharyGold_COI_COIMetazoa_Anacapa95","ZacharyGold","COI","COIMetazoa","Anacapa95","C",44,2.27681681671478,0.818957578608312,44,9.74560892321871,6.92995639678832
