"submissionID","submitterID","marker","referenceDB","pipeline","sampleID","specnumber","shannon","simpson","hillq0","hillq1","hillq15","richness","TP_residents","TP_all","FN","FP","sensitivity_all","sensitivity_residents","fmeasure_all","fmeasure_resident"
"adamBennett_12S_12SAllFishDez2023_minderoo","adamBennett","12S","12SAllFishDez2023","minderoo","A",23,2.29265329982278,0.835110719521513,23,9.9011736421161,7.3665279037376,23,15,16,45,7,0.262295081967213,0.25,0.380952380952381,0.365853658536585
"adamBennett_12S_12SAllFishDez2023_minderoo","adamBennett","12S","12SAllFishDez2023","minderoo","B",18,2.1250408727238,0.803142821415893,18,8.37323971824762,6.24937222867154,18,11,12,49,6,0.19672131147541,0.183333333333333,0.30379746835443,0.285714285714286
"adamBennett_12S_12SAllFishDez2023_minderoo","adamBennett","12S","12SAllFishDez2023","minderoo","C",21,2.13510255777638,0.79753303421901,21,8.45791388722357,6.15633086730676,21,13,15,47,6,0.241935483870968,0.216666666666667,0.36144578313253,0.329113924050633
"adamBennett_16S_16SAllFishDez2023_minderoo","adamBennett","16S","16SAllFishDez2023","minderoo","A",22,2.25010223433879,0.842949390921827,22,9.48870585834234,7.40572410396486,22,16,18,44,4,0.290322580645161,0.266666666666667,0.428571428571429,0.4
"adamBennett_16S_16SAllFishDez2023_minderoo","adamBennett","16S","16SAllFishDez2023","minderoo","B",22,2.25950086087509,0.835329063007031,22,9.57830706558996,7.26436372764808,22,17,19,43,3,0.306451612903226,0.283333333333333,0.452380952380952,0.425
"adamBennett_16S_16SAllFishDez2023_minderoo","adamBennett","16S","16SAllFishDez2023","minderoo","C",20,2.15394171875497,0.823587821342587,20,8.61876427434674,6.65767596665386,20,14,17,46,3,0.26984126984127,0.233333333333333,0.409638554216867,0.363636363636364
"adamBennett_COI_COIMetazoa_minderoo","adamBennett","COI","COIMetazoa","minderoo","A",18,1.63457364369037,0.738774939762372,18,5.12727148639456,4.216678972663,18,14,14,46,4,0.233333333333333,0.233333333333333,0.358974358974359,0.358974358974359
"adamBennett_COI_COIMetazoa_minderoo","adamBennett","COI","COIMetazoa","minderoo","B",11,1.52942480075055,0.705780132907085,11,4.61552121428286,3.81284504586897,11,10,10,50,1,0.166666666666667,0.166666666666667,0.28169014084507,0.28169014084507
"adamBennett_COI_COIMetazoa_minderoo","adamBennett","COI","COIMetazoa","minderoo","C",14,1.34347618059704,0.590957837183911,14,3.83234229139823,2.85338575883197,14,10,10,50,4,0.166666666666667,0.166666666666667,0.27027027027027,0.27027027027027
"adamBennett_COI_COIAllFishDez2023_minderoo","adamBennett","COI","COIAllFishDez2023","minderoo","A",NA,NA,NA,NA,NA,NA,NA,NA,NA,NA,NA,NA,NA,NA,NA
"adamBennett_COI_COIAllFishDez2023_minderoo","adamBennett","COI","COIAllFishDez2023","minderoo","B",NA,NA,NA,NA,NA,NA,NA,NA,NA,NA,NA,NA,NA,NA,NA
"adamBennett_COI_COIAllFishDez2023_minderoo","adamBennett","COI","COIAllFishDez2023","minderoo","C",NA,NA,NA,NA,NA,NA,NA,NA,NA,NA,NA,NA,NA,NA,NA
"AlejandroAbdala_12S_12SAllFishDez2023_cascabel","AlejandroAbdala","12S","12SAllFishDez2023","cascabel","C",27,2.53746181020709,0.870490052975941,27,12.6475283686669,9.52381811940315,27,19,21,41,6,0.338709677419355,0.316666666666667,0.471910112359551,0.447058823529412
"AlejandroAbdala_12S_12SAllFishDez2023_cascabel","AlejandroAbdala","12S","12SAllFishDez2023","cascabel","A",26,2.64479461285084,0.894103497432226,26,14.0805528215154,11.2105807981622,26,17,19,43,7,0.306451612903226,0.283333333333333,0.431818181818182,0.404761904761905
"AlejandroAbdala_12S_12SAllFishDez2023_cascabel","AlejandroAbdala","12S","12SAllFishDez2023","cascabel","B",26,2.56073767415466,0.8796525,26,12.9453632541094,10.0364206747212,26,18,19,42,7,0.311475409836066,0.3,0.436781609195402,0.423529411764706
"AlejandroAbdala_16S_16SAllFishDez2023_cascabel","AlejandroAbdala","16S","16SAllFishDez2023","cascabel","A",17,2.01453539999073,0.773681577449238,17,7.49724335259466,5.4831171055894,17,13,15,47,2,0.241935483870968,0.216666666666667,0.379746835443038,0.346666666666667
"AlejandroAbdala_16S_16SAllFishDez2023_cascabel","AlejandroAbdala","16S","16SAllFishDez2023","cascabel","B",15,1.91246220460395,0.741891049488226,15,6.76973677180951,4.86875132023789,15,12,14,48,1,0.225806451612903,0.2,0.363636363636364,0.328767123287671
"AlejandroAbdala_16S_16SAllFishDez2023_cascabel","AlejandroAbdala","16S","16SAllFishDez2023","cascabel","C",16,1.87152741804296,0.717353418510168,16,6.49821431274682,4.50423773429759,16,13,15,47,1,0.241935483870968,0.216666666666667,0.384615384615385,0.351351351351351
"AudreyBourret_12S_12SAllFishDez2023_MLI","AudreyBourret","12S","12SAllFishDez2023","MLI","A",25,2.46262082527943,0.868461583516265,25,11.7355280396634,9.06884541734693,25,16,18,44,7,0.290322580645161,0.266666666666667,0.413793103448276,0.385542168674699
"AudreyBourret_12S_12SAllFishDez2023_MLI","AudreyBourret","12S","12SAllFishDez2023","MLI","B",23,2.37588787260477,0.845675968539216,23,10.7605629550195,8.0730798550751,23,15,16,45,7,0.262295081967213,0.25,0.380952380952381,0.365853658536585
"AudreyBourret_12S_12SAllFishDez2023_MLI","AudreyBourret","12S","12SAllFishDez2023","MLI","C",28,2.40852712152937,0.838570563260524,28,11.117574244321,7.87640159413687,28,18,21,42,7,0.333333333333333,0.3,0.461538461538462,0.423529411764706
"AudreyBourret_COI_COIAllFishDez2023_MLI","AudreyBourret","COI","COIAllFishDez2023","MLI","A",24,1.91718513335907,0.786400900914073,24,6.80178537834322,5.3211906764398,24,17,17,43,7,0.283333333333333,0.283333333333333,0.404761904761905,0.404761904761905
"AudreyBourret_COI_COIAllFishDez2023_MLI","AudreyBourret","COI","COIAllFishDez2023","MLI","B",14,1.77624107641593,0.763288159797018,14,5.90760838198007,4.8044769158044,14,10,10,50,4,0.166666666666667,0.166666666666667,0.27027027027027,0.27027027027027
"AudreyBourret_COI_COIAllFishDez2023_MLI","AudreyBourret","COI","COIAllFishDez2023","MLI","C",18,1.70123621772856,0.692924839506173,18,5.48071856699918,3.92774815187755,18,12,12,48,6,0.2,0.2,0.307692307692308,0.307692307692308
"AudreyBourret_16S_NCBI_MLI","AudreyBourret","16S","NCBI","MLI","A",25,2.50649353817534,0.876100902161464,25,12.2618588509053,9.55701510172534,25,18,20,42,5,0.32258064516129,0.3,0.459770114942529,0.433734939759036
"AudreyBourret_16S_NCBI_MLI","AudreyBourret","16S","NCBI","MLI","B",22,2.46024228482791,0.869176790820213,22,11.7076477818058,9.16117180022586,22,17,19,43,3,0.306451612903226,0.283333333333333,0.452380952380952,0.425
"AudreyBourret_16S_NCBI_MLI","AudreyBourret","16S","NCBI","MLI","C",21,2.18516174685797,0.83316321148931,21,8.8920867041452,6.95224481962062,21,15,17,45,4,0.274193548387097,0.25,0.409638554216867,0.379746835443038
"aurelieBonin_12S_12SAllFishDez2023_OBITools","aurelieBonin","12S","12SAllFishDez2023","OBITools","A",19,2.15342339882753,0.828630513703368,19,8.6142981546129,6.82492967529513,19,8,8,52,11,0.133333333333333,0.133333333333333,0.20253164556962,0.20253164556962
"aurelieBonin_12S_12SAllFishDez2023_OBITools","aurelieBonin","12S","12SAllFishDez2023","OBITools","B",21,2.1875717195238,0.827005313516415,21,8.91354223327938,6.89067043507324,21,10,10,50,11,0.166666666666667,0.166666666666667,0.246913580246914,0.246913580246914
"aurelieBonin_12S_12SAllFishDez2023_OBITools","aurelieBonin","12S","12SAllFishDez2023","OBITools","C",21,2.20015129160209,0.831364809779494,21,9.02637901147799,7.00998117354252,21,10,10,50,11,0.166666666666667,0.166666666666667,0.246913580246914,0.246913580246914
"aurelieBonin_16S_16SAllFishDez2023_OBITools","aurelieBonin","16S","16SAllFishDez2023","OBITools","A",9,1.41664443833026,0.707331893059681,9,4.12326134301096,3.63976438539113,9,3,3,57,6,0.05,0.05,0.0869565217391304,0.0869565217391304
"aurelieBonin_16S_16SAllFishDez2023_OBITools","aurelieBonin","16S","16SAllFishDez2023","OBITools","B",9,1.44089755475547,0.709774607254247,9,4.22448582321309,3.70404442768435,9,3,3,57,6,0.05,0.05,0.0869565217391304,0.0869565217391304
"aurelieBonin_16S_16SAllFishDez2023_OBITools","aurelieBonin","16S","16SAllFishDez2023","OBITools","C",9,1.34915473795399,0.694205836489196,9,3.8541663729158,3.45982712677207,9,3,3,57,6,0.05,0.05,0.0869565217391304,0.0869565217391304
"chrisHempel_12S_12SAllFishDez2023_ApscaleModified","chrisHempel","12S","12SAllFishDez2023","ApscaleModified","A",12,1.28868002793001,0.636713562344331,12,3.6279945423207,3.02540276709157,12,0,0,60,12,0,0,0,0
"chrisHempel_12S_12SAllFishDez2023_ApscaleModified","chrisHempel","12S","12SAllFishDez2023","ApscaleModified","B",13,1.23905100309197,0.577501588870842,13,3.45233565383149,2.70204246345256,13,0,0,60,13,0,0,0,0
"chrisHempel_12S_12SAllFishDez2023_ApscaleModified","chrisHempel","12S","12SAllFishDez2023","ApscaleModified","C",12,1.21780649003783,0.586250952131773,12,3.37976604633217,2.72645640399651,12,0,0,60,12,0,0,0,0
"chrisHempel_COI_BOLD_ApscaleModified","chrisHempel","COI","BOLD","ApscaleModified","A",18,1.69489498420761,0.733240553214255,18,5.44607401140353,4.27278543183076,18,11,11,49,7,0.183333333333333,0.183333333333333,0.282051282051282,0.282051282051282
"chrisHempel_COI_BOLD_ApscaleModified","chrisHempel","COI","BOLD","ApscaleModified","B",15,1.62838639538467,0.701945902689313,15,5.09564572369233,3.91898068052289,15,8,8,52,7,0.133333333333333,0.133333333333333,0.213333333333333,0.213333333333333
"chrisHempel_COI_BOLD_ApscaleModified","chrisHempel","COI","BOLD","ApscaleModified","C",15,1.41787832575048,0.603747804868717,15,4.12835212339143,2.99410390350492,15,8,8,52,7,0.133333333333333,0.133333333333333,0.213333333333333,0.213333333333333
"chrisHempel_16S_16SAllFishDez2023_ApscaleModified","chrisHempel","16S","16SAllFishDez2023","ApscaleModified","A",14,1.90467146485631,0.806552953462922,14,6.71720042867555,5.687777894465,14,0,0,60,14,0,0,0,0
"chrisHempel_16S_16SAllFishDez2023_ApscaleModified","chrisHempel","16S","16SAllFishDez2023","ApscaleModified","B",12,1.85761331832385,0.790362292355509,12,6.40842363764119,5.38678390522976,12,0,0,60,12,0,0,0,0
"chrisHempel_16S_16SAllFishDez2023_ApscaleModified","chrisHempel","16S","16SAllFishDez2023","ApscaleModified","C",11,1.76203825703264,0.80061593048606,11,5.82429671786744,5.29026777142029,11,0,0,60,11,0,0,0,0
"chrisHempel_12S_12SAllFishDez2023MIDORI2_ApscaleModified","chrisHempel","12S","12SAllFishDez2023MIDORI2","ApscaleModified","A",15,1.60561728822732,0.710424552885861,15,4.98093332545853,3.94691653922364,15,12,13,48,2,0.213114754098361,0.2,0.342105263157895,0.324324324324324
"chrisHempel_12S_12SAllFishDez2023MIDORI2_ApscaleModified","chrisHempel","12S","12SAllFishDez2023MIDORI2","ApscaleModified","B",17,1.58070765257683,0.659977823831569,17,4.85839264912783,3.52734883984839,17,13,14,47,3,0.229508196721311,0.216666666666667,0.358974358974359,0.342105263157895
"chrisHempel_12S_12SAllFishDez2023MIDORI2_ApscaleModified","chrisHempel","12S","12SAllFishDez2023MIDORI2","ApscaleModified","C",15,1.46561814036243,0.645496344869801,15,4.33021909638988,3.29923367756132,15,12,13,48,2,0.213114754098361,0.2,0.342105263157895,0.324324324324324
"ElisaBanchi_12S_12SAllFishDez2023_QIIME2v.2023.5","ElisaBanchi","12S","12SAllFishDez2023","QIIME2v.2023.5","A",1,0,0,1,1,1,1,0,0,60,1,0,0,0,0
"ElisaBanchi_12S_12SAllFishDez2023_QIIME2v.2023.5","ElisaBanchi","12S","12SAllFishDez2023","QIIME2v.2023.5","B",0,0,1,0,1,Inf,0,0,0,60,0,0,0,0,0
"ElisaBanchi_12S_12SAllFishDez2023_QIIME2v.2023.5","ElisaBanchi","12S","12SAllFishDez2023","QIIME2v.2023.5","C",1,0,0,1,1,1,1,0,0,60,1,0,0,0,0
"ElisaBanchi_16S_16SAllFishDez2023_QIIME2v.2023.5","ElisaBanchi","16S","16SAllFishDez2023","QIIME2v.2023.5","A",25,2.24835713204668,0.84800626606206,25,9.47216153596582,7.50779350787225,25,8,8,52,17,0.133333333333333,0.133333333333333,0.188235294117647,0.188235294117647
"ElisaBanchi_16S_16SAllFishDez2023_QIIME2v.2023.5","ElisaBanchi","16S","16SAllFishDez2023","QIIME2v.2023.5","B",25,2.19932674155116,0.833482439041072,25,9.018939377801,6.98340096361698,25,10,10,50,15,0.166666666666667,0.166666666666667,0.235294117647059,0.235294117647059
"ElisaBanchi_16S_16SAllFishDez2023_QIIME2v.2023.5","ElisaBanchi","16S","16SAllFishDez2023","QIIME2v.2023.5","C",26,2.13050544413817,0.829313654922926,26,8.4191211316135,6.66532770148736,26,11,11,49,15,0.183333333333333,0.183333333333333,0.255813953488372,0.255813953488372
"ElisaBanchi_COI_COIAllFishDez2023_QIIME2v.2023.5","ElisaBanchi","COI","COIAllFishDez2023","QIIME2v.2023.5","A",28,2.08934574637722,0.809720809645701,28,8.07962730925671,6.12669223778368,28,18,18,42,10,0.3,0.3,0.409090909090909,0.409090909090909
"ElisaBanchi_COI_COIAllFishDez2023_QIIME2v.2023.5","ElisaBanchi","COI","COIAllFishDez2023","QIIME2v.2023.5","B",17,1.92351475424938,0.780873257075725,17,6.84497464280585,5.34600140388881,17,10,10,50,7,0.166666666666667,0.166666666666667,0.25974025974026,0.25974025974026
"ElisaBanchi_COI_COIAllFishDez2023_QIIME2v.2023.5","ElisaBanchi","COI","COIAllFishDez2023","QIIME2v.2023.5","C",22,1.8246155756423,0.699273848474827,22,6.20041097188597,4.1640151042575,22,14,14,46,8,0.233333333333333,0.233333333333333,0.341463414634146,0.341463414634146
"emmaStrand_COI_COIAllFishDez2023_nf-coreAmpliseq","emmaStrand","COI","COIAllFishDez2023","nf-coreAmpliseq","A",24,1.96968214632063,0.769478886315408,24,7.16839762463303,5.23669889410264,24,18,18,42,6,0.3,0.3,0.428571428571429,0.428571428571429
"emmaStrand_COI_COIAllFishDez2023_nf-coreAmpliseq","emmaStrand","COI","COIAllFishDez2023","nf-coreAmpliseq","B",14,1.77330212137737,0.747669741546299,14,5.89027167493999,4.63575908788931,14,11,11,49,3,0.183333333333333,0.183333333333333,0.297297297297297,0.297297297297297
"emmaStrand_COI_COIAllFishDez2023_nf-coreAmpliseq","emmaStrand","COI","COIAllFishDez2023","nf-coreAmpliseq","C",17,2.01641103273801,0.771054624121147,17,7.51131862363437,5.46531320873228,17,14,14,46,3,0.233333333333333,0.233333333333333,0.363636363636364,0.363636363636364
"emmaStrand_12S_12SAllFishDez2023_nf-coreAmpliseq","emmaStrand","12S","12SAllFishDez2023","nf-coreAmpliseq","A",NA,NA,NA,NA,NA,NA,NA,NA,NA,NA,NA,NA,NA,NA,NA
"emmaStrand_12S_12SAllFishDez2023_nf-coreAmpliseq","emmaStrand","12S","12SAllFishDez2023","nf-coreAmpliseq","B",NA,NA,NA,NA,NA,NA,NA,NA,NA,NA,NA,NA,NA,NA,NA
"emmaStrand_12S_12SAllFishDez2023_nf-coreAmpliseq","emmaStrand","12S","12SAllFishDez2023","nf-coreAmpliseq","C",NA,NA,NA,NA,NA,NA,NA,NA,NA,NA,NA,NA,NA,NA,NA
"EnoraGeslain_12S_12SAllFishDez2023_MiFish","EnoraGeslain","12S","12SAllFishDez2023","MiFish","A",28,2.49649446164476,0.869782313322154,28,12.1398625275811,9.23368182539843,28,17,19,43,9,0.306451612903226,0.283333333333333,0.422222222222222,0.395348837209302
"EnoraGeslain_12S_12SAllFishDez2023_MiFish","EnoraGeslain","12S","12SAllFishDez2023","MiFish","B",29,2.53394694564201,0.875878217432673,29,12.6031520534235,9.61501073549696,29,19,20,41,9,0.327868852459016,0.316666666666667,0.444444444444444,0.431818181818182
"EnoraGeslain_12S_12SAllFishDez2023_MiFish","EnoraGeslain","12S","12SAllFishDez2023","MiFish","C",26,2.46591560921547,0.876977731864096,26,11.7742578370502,9.39477190225413,26,19,20,41,6,0.327868852459016,0.316666666666667,0.459770114942529,0.447058823529412
"EnoraGeslain_COI_COIMetazoaSep2024_MiFish","EnoraGeslain","COI","COIMetazoaSep2024","MiFish","A",18,2.01245443732311,0.803584337170889,18,7.48165809086596,5.87595657181602,18,14,14,46,4,0.233333333333333,0.233333333333333,0.358974358974359,0.358974358974359
"EnoraGeslain_COI_COIMetazoaSep2024_MiFish","EnoraGeslain","COI","COIMetazoaSep2024","MiFish","B",15,1.89827978731695,0.777913909574093,15,6.67440316841332,5.25868291157206,15,11,11,49,4,0.183333333333333,0.183333333333333,0.293333333333333,0.293333333333333
"EnoraGeslain_COI_COIMetazoaSep2024_MiFish","EnoraGeslain","COI","COIMetazoaSep2024","MiFish","C",18,1.76789260339905,0.68971438368994,18,5.85849417239463,4.00784802354464,18,13,13,47,5,0.216666666666667,0.216666666666667,0.333333333333333,0.333333333333333
"EvanMorien_12S_12SAllFishDez2023_DADA2","EvanMorien","12S","12SAllFishDez2023","DADA2","A",6,1.37986581376564,0.695520833333333,6,3.97436828619774,3.53919108107332,6,3,4,57,2,0.0655737704918033,0.05,0.119402985074627,0.0923076923076923
"EvanMorien_12S_12SAllFishDez2023_DADA2","EvanMorien","12S","12SAllFishDez2023","DADA2","B",6,1.56292585366342,0.767928004535147,6,4.7727652488212,4.49018153614312,6,3,4,57,2,0.0655737704918033,0.05,0.119402985074627,0.0923076923076923
"EvanMorien_12S_12SAllFishDez2023_DADA2","EvanMorien","12S","12SAllFishDez2023","DADA2","C",7,1.51551770893676,0.728120713305898,7,4.55177701259904,4.0076923194075,7,4,5,56,2,0.0819672131147541,0.0666666666666667,0.147058823529412,0.121212121212121
"EvanMorien_12S_NCBILCABestHit_DADA2","EvanMorien","12S","NCBILCABestHit","DADA2","A",32,2.54751398381488,0.863516353011539,32,12.775304658321,9.15321953648473,32,25,26,35,6,0.426229508196721,0.416666666666667,0.559139784946237,0.549450549450549
"EvanMorien_12S_NCBILCABestHit_DADA2","EvanMorien","12S","NCBILCABestHit","DADA2","B",32,2.56047865008735,0.870052855445049,32,12.9420105277036,9.46500117057018,32,25,26,35,6,0.426229508196721,0.416666666666667,0.559139784946237,0.549450549450549
"EvanMorien_12S_NCBILCABestHit_DADA2","EvanMorien","12S","NCBILCABestHit","DADA2","C",32,2.54929135158551,0.875631747000333,32,12.7980312638659,9.65980010678381,32,26,27,34,5,0.442622950819672,0.433333333333333,0.580645161290323,0.571428571428571
"EvanMorien_12S_NCBILCA_DADA2","EvanMorien","12S","NCBILCA","DADA2","A",10,1.94783184289104,0.826096693821562,10,7.01346479030865,6.24292961102398,10,8,9,52,1,0.147540983606557,0.133333333333333,0.253521126760563,0.231884057971014
"EvanMorien_12S_NCBILCA_DADA2","EvanMorien","12S","NCBILCA","DADA2","B",9,1.73097914048438,0.76983478932003,9,5.64617960580399,4.86017961404566,9,7,8,53,1,0.131147540983607,0.116666666666667,0.228571428571429,0.205882352941176
"EvanMorien_12S_NCBILCA_DADA2","EvanMorien","12S","NCBILCA","DADA2","C",10,1.81917051340916,0.799930450280101,10,6.1667410987393,5.42640103910312,10,8,9,52,1,0.147540983606557,0.133333333333333,0.253521126760563,0.231884057971014
"EvanMorien_16S_16SAllFishDez2023_DADA2","EvanMorien","16S","16SAllFishDez2023","DADA2","A",9,1.40580385484316,0.626524947037768,9,4.07880419029708,3.15798098165211,9,6,8,54,1,0.129032258064516,0.1,0.225352112676056,0.17910447761194
"EvanMorien_16S_16SAllFishDez2023_DADA2","EvanMorien","16S","16SAllFishDez2023","DADA2","B",9,1.29845417968479,0.57924271218043,9,3.6636289760329,2.79152891268934,9,6,7,54,2,0.114754098360656,0.1,0.2,0.176470588235294
"EvanMorien_16S_16SAllFishDez2023_DADA2","EvanMorien","16S","16SAllFishDez2023","DADA2","C",8,1.29214093102607,0.584439816743024,8,3.64057243273997,2.82080900366329,8,4,6,56,2,0.0967741935483871,0.0666666666666667,0.171428571428571,0.121212121212121
"EvanMorien_16S_NCBILCABestHit_DADA2","EvanMorien","16S","NCBILCABestHit","DADA2","A",28,2.52957001043259,0.875833867763191,28,12.548109420344,9.62191913936157,28,22,24,38,4,0.387096774193548,0.366666666666667,0.533333333333333,0.511627906976744
"EvanMorien_16S_NCBILCABestHit_DADA2","EvanMorien","16S","NCBILCABestHit","DADA2","B",29,2.4798324998669,0.863573553029819,29,11.9392644219742,8.89108992741091,29,23,24,37,5,0.39344262295082,0.383333333333333,0.533333333333333,0.522727272727273
"EvanMorien_16S_NCBILCABestHit_DADA2","EvanMorien","16S","NCBILCABestHit","DADA2","C",26,2.3824380797303,0.856010151036171,26,10.8312782181348,8.25373364938845,26,19,21,41,5,0.338709677419355,0.316666666666667,0.477272727272727,0.452380952380952
"EvanMorien_16S_NCBILCA_DADA2","EvanMorien","16S","NCBILCA","DADA2","A",11,1.91620934895054,0.798468364197531,11,6.79515153934554,5.70487191893635,11,10,11,50,0,0.180327868852459,0.166666666666667,0.305555555555556,0.285714285714286
"EvanMorien_16S_NCBILCA_DADA2","EvanMorien","16S","NCBILCA","DADA2","B",12,1.83585687924406,0.773184596284275,12,6.2705049095657,5.09808978603881,12,10,11,50,1,0.180327868852459,0.166666666666667,0.301369863013699,0.28169014084507
"EvanMorien_16S_NCBILCA_DADA2","EvanMorien","16S","NCBILCA","DADA2","C",10,1.79275696901915,0.764894794481111,10,6.00598798475686,4.94241590043644,10,8,9,52,1,0.147540983606557,0.133333333333333,0.253521126760563,0.231884057971014
"EvanMorien_COI_COIMetazoa_DADA2","EvanMorien","COI","COIMetazoa","DADA2","A",17,1.94514890783959,0.77433103282412,17,6.99467333918408,5.30746412395541,17,10,10,50,7,0.166666666666667,0.166666666666667,0.25974025974026,0.25974025974026
"EvanMorien_COI_COIMetazoa_DADA2","EvanMorien","COI","COIMetazoa","DADA2","B",14,1.64124531847122,0.680527330204352,14,5.16159333907549,3.7878569840997,14,8,8,52,6,0.133333333333333,0.133333333333333,0.216216216216216,0.216216216216216
"EvanMorien_COI_COIMetazoa_DADA2","EvanMorien","COI","COIMetazoa","DADA2","C",14,1.40533472820226,0.548511377912018,14,4.07689116334942,2.73339382754242,14,9,9,51,5,0.15,0.15,0.243243243243243,0.243243243243243
"EvanMorien_COI_NCBILCABestHit_DADA2","EvanMorien","COI","NCBILCABestHit","DADA2","A",18,1.99860824640684,0.805804869801733,18,7.37877950645596,5.88784907835875,18,13,13,47,5,0.216666666666667,0.216666666666667,0.333333333333333,0.333333333333333
"EvanMorien_COI_NCBILCABestHit_DADA2","EvanMorien","COI","NCBILCABestHit","DADA2","B",15,1.79810236063339,0.757875708987696,15,6.03817830084023,4.7663417726074,15,11,11,49,4,0.183333333333333,0.183333333333333,0.293333333333333,0.293333333333333
"EvanMorien_COI_NCBILCABestHit_DADA2","EvanMorien","COI","NCBILCABestHit","DADA2","C",15,1.62454844967956,0.672283910670437,15,5.07612639309754,3.67406785115993,15,12,12,48,3,0.2,0.2,0.32,0.32
"EvanMorien_COI_NCBILCA_DADA2","EvanMorien","COI","NCBILCA","DADA2","A",7,0.906402100529658,0.402791759617097,7,2.47540025102011,1.91439655708746,7,4,4,56,3,0.0666666666666667,0.0666666666666667,0.119402985074627,0.119402985074627
"EvanMorien_COI_NCBILCA_DADA2","EvanMorien","COI","NCBILCA","DADA2","B",5,0.682133935538336,0.304084716761363,5,1.97809435747472,1.59355396989774,5,3,3,57,2,0.05,0.05,0.0923076923076923,0.0923076923076923
"EvanMorien_COI_NCBILCA_DADA2","EvanMorien","COI","NCBILCA","DADA2","C",6,0.558863753535961,0.233904844997882,6,1.74868443453818,1.42139331117509,6,4,4,56,2,0.0666666666666667,0.0666666666666667,0.121212121212121,0.121212121212121
"FrankPanitz_12S_MifishDez2023_MiFish","FrankPanitz","12S","MifishDez2023","MiFish","A",28,2.44763177383713,0.863644113133563,28,11.5609353642938,8.78672821151246,28,17,19,43,9,0.306451612903226,0.283333333333333,0.422222222222222,0.395348837209302
"FrankPanitz_12S_MifishDez2023_MiFish","FrankPanitz","12S","MifishDez2023","MiFish","B",30,2.50828482700286,0.871897810295703,30,12.2838430658303,9.32014058936713,30,19,20,41,10,0.327868852459016,0.316666666666667,0.43956043956044,0.426966292134831
"FrankPanitz_12S_MifishDez2023_MiFish","FrankPanitz","12S","MifishDez2023","MiFish","C",26,2.45536780446399,0.875862580551404,26,11.6507179469904,9.30163132660906,26,19,20,41,6,0.327868852459016,0.316666666666667,0.459770114942529,0.447058823529412
"FrankPanitz_12S_mifishdbv3.83_MiFish","FrankPanitz","12S","mifishdbv3.83","MiFish","A",27,2.30858323528768,0.830169349649869,27,10.0601616716969,7.22932902955531,27,18,20,42,7,0.32258064516129,0.3,0.449438202247191,0.423529411764706
"FrankPanitz_12S_mifishdbv3.83_MiFish","FrankPanitz","12S","mifishdbv3.83","MiFish","B",28,2.35395968791339,0.838825623161723,28,10.5271716193344,7.58811794639332,28,20,21,40,7,0.344262295081967,0.333333333333333,0.471910112359551,0.459770114942529
"FrankPanitz_12S_mifishdbv3.83_MiFish","FrankPanitz","12S","mifishdbv3.83","MiFish","C",24,2.29210475639032,0.845800443174074,24,9.89574390769979,7.62588191907637,24,19,20,41,4,0.327868852459016,0.316666666666667,0.470588235294118,0.457831325301205
"geraldinePascal_12S_12SAllFishDez2023_frogsDADA2","geraldinePascal","12S","12SAllFishDez2023","frogsDADA2","A",23,2.49313715659191,0.875778114917831,23,12.0991736464881,9.5476616678786,23,13,15,47,8,0.241935483870968,0.216666666666667,0.352941176470588,0.320987654320988
"geraldinePascal_12S_12SAllFishDez2023_frogsDADA2","geraldinePascal","12S","12SAllFishDez2023","frogsDADA2","B",23,2.50820266906172,0.871115175761521,23,12.2828338920311,9.51703499723454,23,14,15,46,8,0.245901639344262,0.233333333333333,0.357142857142857,0.341463414634146
"geraldinePascal_12S_12SAllFishDez2023_frogsDADA2","geraldinePascal","12S","12SAllFishDez2023","frogsDADA2","C",24,2.46577352753174,0.856307303107831,24,11.7725850495111,8.7459852344247,24,14,16,46,8,0.258064516129032,0.233333333333333,0.372093023255814,0.341463414634146
"geraldinePascal_12S_12SAllFishDez2023_frogsSWARM","geraldinePascal","12S","12SAllFishDez2023","frogsSWARM","A",26,2.5520886640994,0.882598499939212,26,12.8338814756193,10.1178601828717,26,15,17,45,9,0.274193548387097,0.25,0.386363636363636,0.357142857142857
"geraldinePascal_12S_12SAllFishDez2023_frogsSWARM","geraldinePascal","12S","12SAllFishDez2023","frogsSWARM","B",25,2.50815850595581,0.869810717056876,25,12.2822914559151,9.40009109184085,25,15,16,45,9,0.262295081967213,0.25,0.372093023255814,0.357142857142857
"geraldinePascal_12S_12SAllFishDez2023_frogsSWARM","geraldinePascal","12S","12SAllFishDez2023","frogsSWARM","C",27,2.49233109871229,0.857861772159844,27,12.0894249417715,8.85599655314138,27,17,19,43,8,0.306451612903226,0.283333333333333,0.426966292134831,0.4
"geraldinePascal_16S_16SAllFishDez2023_frogsDADA2","geraldinePascal","16S","16SAllFishDez2023","frogsDADA2","A",19,2.36960737179335,0.871423030059063,19,10.6931930105933,8.86497384660378,19,14,15,46,4,0.245901639344262,0.233333333333333,0.375,0.358974358974359
"geraldinePascal_16S_16SAllFishDez2023_frogsDADA2","geraldinePascal","16S","16SAllFishDez2023","frogsDADA2","B",21,2.47339842649997,0.882252436472913,21,11.8626929162332,9.754173905449,21,14,16,46,5,0.258064516129032,0.233333333333333,0.385542168674699,0.354430379746835
"geraldinePascal_16S_16SAllFishDez2023_frogsDADA2","geraldinePascal","16S","16SAllFishDez2023","frogsDADA2","C",18,2.25374860573949,0.860848814586526,18,9.52336836178834,8.0194233177194,18,12,14,48,4,0.225806451612903,0.2,0.35,0.315789473684211
"geraldinePascal_16S_16SAllFishDez2023_frogsSWARM","geraldinePascal","16S","16SAllFishDez2023","frogsSWARM","A",23,2.44068113057264,0.878892042649955,23,11.4808580436049,9.41237242985459,23,16,18,44,5,0.290322580645161,0.266666666666667,0.423529411764706,0.395061728395062
"geraldinePascal_16S_16SAllFishDez2023_frogsSWARM","geraldinePascal","16S","16SAllFishDez2023","frogsSWARM","B",25,2.57234614605288,0.889750214371176,25,13.0965147612835,10.5379039209258,25,18,20,42,5,0.32258064516129,0.3,0.459770114942529,0.433734939759036
"geraldinePascal_16S_16SAllFishDez2023_frogsSWARM","geraldinePascal","16S","16SAllFishDez2023","frogsSWARM","C",25,2.3821361156133,0.868897749875568,25,10.8280080545326,8.71341031714236,25,17,19,43,6,0.306451612903226,0.283333333333333,0.436781609195402,0.409638554216867
"geraldinePascal_COI_COIMetazoaSep2024wormstax_frogsDADA2","geraldinePascal","COI","COIMetazoaSep2024wormstax","frogsDADA2","A",20,2.01952659999947,0.805599592655933,20,7.53475713519883,5.91906605729332,20,12,12,48,8,0.2,0.2,0.3,0.3
"geraldinePascal_COI_COIMetazoaSep2024wormstax_frogsDADA2","geraldinePascal","COI","COIMetazoaSep2024wormstax","frogsDADA2","B",16,1.85097998828476,0.769486923211539,16,6.36605512613735,5.03115906152652,16,9,9,51,7,0.15,0.15,0.236842105263158,0.236842105263158
"geraldinePascal_COI_COIMetazoaSep2024wormstax_frogsDADA2","geraldinePascal","COI","COIMetazoaSep2024wormstax","frogsDADA2","C",18,1.72935649534247,0.683640906418973,18,5.63702528900873,3.90072279583906,18,10,10,50,8,0.166666666666667,0.166666666666667,0.256410256410256,0.256410256410256
"geraldinePascal_COI_COIMetazoaSep2024wormstax_frogsSWARM","geraldinePascal","COI","COIMetazoaSep2024wormstax","frogsSWARM","A",21,2.05233841840625,0.808311252117356,21,7.78608696401688,6.03987637843978,21,12,12,48,9,0.2,0.2,0.296296296296296,0.296296296296296
"geraldinePascal_COI_COIMetazoaSep2024wormstax_frogsSWARM","geraldinePascal","COI","COIMetazoaSep2024wormstax","frogsSWARM","B",18,1.9036199895124,0.77791356416789,18,6.7101411700133,5.26443268533965,18,9,9,51,9,0.15,0.15,0.230769230769231,0.230769230769231
"geraldinePascal_COI_COIMetazoaSep2024wormstax_frogsSWARM","geraldinePascal","COI","COIMetazoaSep2024wormstax","frogsSWARM","C",19,1.81189165218074,0.7005399231676,19,6.12201721299155,4.17320885740588,19,10,10,50,9,0.166666666666667,0.166666666666667,0.253164556962025,0.253164556962025
"KingslyChuoBeng_12S_12SAllFishDez2023_DADA2","KingslyChuoBeng","12S","12SAllFishDez2023","DADA2","A",3,0.885680407461726,0.53678054786088,3,2.42463356913793,2.26724993856079,3,2,2,58,1,0.0333333333333333,0.0333333333333333,0.0634920634920635,0.0634920634920635
"KingslyChuoBeng_12S_12SAllFishDez2023_DADA2","KingslyChuoBeng","12S","12SAllFishDez2023","DADA2","B",3,0.751850800712461,0.419408284023669,3,2.12092178984256,1.87512588547035,3,2,2,58,1,0.0333333333333333,0.0333333333333333,0.0634920634920635,0.0634920634920635
"KingslyChuoBeng_12S_12SAllFishDez2023_DADA2","KingslyChuoBeng","12S","12SAllFishDez2023","DADA2","C",5,1.18663107857823,0.62830323436384,5,3.2760259217389,2.90124366838332,5,2,2,58,3,0.0333333333333333,0.0333333333333333,0.0615384615384615,0.0615384615384615
"KingslyChuoBeng_16S_16SAllFishDez2023_DADA2","KingslyChuoBeng","16S","16SAllFishDez2023","DADA2","A",2,0.603637251500326,0.413194444444444,2,1.82875837230756,1.76050923715659,2,1,1,59,1,0.0166666666666667,0.0166666666666667,0.032258064516129,0.032258064516129
"KingslyChuoBeng_16S_16SAllFishDez2023_DADA2","KingslyChuoBeng","16S","16SAllFishDez2023","DADA2","B",3,1.06120397596276,0.642578125,3,2.88984820337972,2.84152768381276,3,2,2,58,1,0.0333333333333333,0.0333333333333333,0.0634920634920635,0.0634920634920635
"KingslyChuoBeng_16S_16SAllFishDez2023_DADA2","KingslyChuoBeng","16S","16SAllFishDez2023","DADA2","C",3,0.796311640173813,0.448979591836735,3,2.21734745227321,1.97442617815391,3,1,1,59,2,0.0166666666666667,0.0166666666666667,0.0317460317460317,0.0317460317460317
"KingslyChuoBeng_COI_COIAllFishDez2023_DADA2","KingslyChuoBeng","COI","COIAllFishDez2023","DADA2","A",26,2.06416916452994,0.809314488593363,26,7.87874923327756,6.06962226621874,26,17,17,43,9,0.283333333333333,0.283333333333333,0.395348837209302,0.395348837209302
"KingslyChuoBeng_COI_COIAllFishDez2023_DADA2","KingslyChuoBeng","COI","COIAllFishDez2023","DADA2","B",16,1.87583503000443,0.775070953931675,16,6.52626647398438,5.16438612218656,16,10,10,50,6,0.166666666666667,0.166666666666667,0.263157894736842,0.263157894736842
"KingslyChuoBeng_COI_COIAllFishDez2023_DADA2","KingslyChuoBeng","COI","COIAllFishDez2023","DADA2","C",20,1.77721680459787,0.691479855371901,20,5.91337541503705,4.03302356043757,20,13,13,47,7,0.216666666666667,0.216666666666667,0.325,0.325
"lukeThompson_12S_12SAllFishDez2023_tourmaline","lukeThompson","12S","12SAllFishDez2023","tourmaline","C",29,2.38350135517473,0.873914979588186,29,10.8428009751427,8.92384397792917,29,5,5,55,24,0.0833333333333333,0.0833333333333333,0.112359550561798,0.112359550561798
"lukeThompson_12S_12SAllFishDez2023_tourmaline","lukeThompson","12S","12SAllFishDez2023","tourmaline","B",28,2.39166064012133,0.869538145405499,28,10.9316323854919,8.77822486796128,28,6,6,54,22,0.1,0.1,0.136363636363636,0.136363636363636
"lukeThompson_12S_12SAllFishDez2023_tourmaline","lukeThompson","12S","12SAllFishDez2023","tourmaline","A",27,2.40663154556885,0.864189057892697,27,11.0965199991091,8.66413954013801,27,6,7,54,20,0.114754098360656,0.1,0.159090909090909,0.13953488372093
"lukeThompson_16S_16SAllFishDez2023_tourmaline","lukeThompson","16S","16SAllFishDez2023","tourmaline","C",26,2.33797582740111,0.86244514852552,26,10.3602444011856,8.31544605340738,26,12,13,48,13,0.213114754098361,0.2,0.298850574712644,0.282352941176471
"lukeThompson_16S_16SAllFishDez2023_tourmaline","lukeThompson","16S","16SAllFishDez2023","tourmaline","B",24,2.37396515875262,0.851814743669472,24,10.7398933488057,8.19872932582724,24,12,12,48,12,0.2,0.2,0.285714285714286,0.285714285714286
"lukeThompson_16S_16SAllFishDez2023_tourmaline","lukeThompson","16S","16SAllFishDez2023","tourmaline","A",26,2.44184889044265,0.873223485547648,26,11.4942727599609,9.15440839274726,26,12,13,48,13,0.213114754098361,0.2,0.298850574712644,0.282352941176471
"lukeThompson_COI_COIMetazoa_tourmaline","lukeThompson","COI","COIMetazoa","tourmaline","A",28,2.08715166290886,0.809381280234699,28,8.06191936600363,6.11438525225068,28,18,18,42,10,0.3,0.3,0.409090909090909,0.409090909090909
"lukeThompson_COI_COIMetazoa_tourmaline","lukeThompson","COI","COIMetazoa","tourmaline","B",17,1.92382561386276,0.780935309400036,17,6.84710279973883,5.34747776559016,17,10,10,50,7,0.166666666666667,0.166666666666667,0.25974025974026,0.25974025974026
"lukeThompson_COI_COIMetazoa_tourmaline","lukeThompson","COI","COIMetazoa","tourmaline","C",22,1.82524840008038,0.699909699189763,22,6.20433598526632,4.17068161884741,22,14,14,46,8,0.233333333333333,0.233333333333333,0.341463414634146,0.341463414634146
"MadsReinholdtJensen_12S_nt_MetaBarFlow","MadsReinholdtJensen","12S","nt","MetaBarFlow","A",10,2.20357313736749,0.880653122130395,10,9.05731879366709,8.69332733406967,10,9,10,51,0,0.163934426229508,0.15,0.28169014084507,0.260869565217391
"MadsReinholdtJensen_12S_nt_MetaBarFlow","MadsReinholdtJensen","12S","nt","MetaBarFlow","B",9,1.98016457378514,0.839279990901666,9,7.24393504887739,6.65750133215667,9,8,8,52,1,0.133333333333333,0.133333333333333,0.231884057971014,0.231884057971014
"MadsReinholdtJensen_12S_nt_MetaBarFlow","MadsReinholdtJensen","12S","nt","MetaBarFlow","C",10,2.14521696981077,0.867625114784206,10,8.54389480344158,7.99630500565715,10,9,10,51,0,0.163934426229508,0.15,0.28169014084507,0.260869565217391
"MadsReinholdtJensen_16S_nt_MetaBarFlow","MadsReinholdtJensen","16S","nt","MetaBarFlow","A",10,1.9797772403952,0.830122448979592,10,7.24112977428175,6.43919501623208,10,9,10,51,0,0.163934426229508,0.15,0.28169014084507,0.260869565217391
"MadsReinholdtJensen_16S_nt_MetaBarFlow","MadsReinholdtJensen","16S","nt","MetaBarFlow","B",6,1.70028774354975,0.806968938142682,6,5.47552271141399,5.30832135183562,6,4,4,56,2,0.0666666666666667,0.0666666666666667,0.121212121212121,0.121212121212121
"MadsReinholdtJensen_16S_nt_MetaBarFlow","MadsReinholdtJensen","16S","nt","MetaBarFlow","C",9,1.76108095472061,0.777557892249527,9,5.81872377307556,5.0102189378224,9,8,8,52,1,0.133333333333333,0.133333333333333,0.231884057971014,0.231884057971014
"MariusEisele_COI_BOLD_UNOISE3metaMATE","MariusEisele","COI","BOLD","UNOISE3metaMATE","A",36,2.41796768834613,0.863530571224098,36,11.2230274325472,8.56210224484104,36,20,20,40,16,0.333333333333333,0.333333333333333,0.416666666666667,0.416666666666667
"MariusEisele_COI_BOLD_UNOISE3metaMATE","MariusEisele","COI","BOLD","UNOISE3metaMATE","B",28,2.2952890632286,0.860508874795104,28,9.92730521647186,8.07415193932184,28,15,15,45,13,0.25,0.25,0.340909090909091,0.340909090909091
"MariusEisele_COI_BOLD_UNOISE3metaMATE","MariusEisele","COI","BOLD","UNOISE3metaMATE","C",31,2.28269843107143,0.810421622056968,31,9.80309773435661,6.69958181432819,31,17,17,43,14,0.283333333333333,0.283333333333333,0.373626373626374,0.373626373626374
"MykleHoban_12S_12SAllFishDez2023_rainbowbridge","MykleHoban","12S","12SAllFishDez2023","rainbowbridge","A",25,2.5407735457979,0.880752311683435,25,12.6894830715975,9.92936947120214,25,18,20,42,5,0.32258064516129,0.3,0.459770114942529,0.433734939759036
"MykleHoban_12S_12SAllFishDez2023_rainbowbridge","MykleHoban","12S","12SAllFishDez2023","rainbowbridge","B",25,2.48910126056097,0.863836003659592,25,12.0504410455941,9.05400753812884,25,19,20,41,5,0.327868852459016,0.316666666666667,0.465116279069767,0.452380952380952
"MykleHoban_12S_12SAllFishDez2023_rainbowbridge","MykleHoban","12S","12SAllFishDez2023","rainbowbridge","C",27,2.46120982096498,0.858472512856416,27,11.7189808358004,8.67468657164066,27,20,22,40,5,0.354838709677419,0.333333333333333,0.49438202247191,0.470588235294118
"MykleHoban_16S_16SAllFishDez2023_rainbowbridge","MykleHoban","16S","16SAllFishDez2023","rainbowbridge","A",23,2.3510754941044,0.843456222669092,23,10.4968529595865,7.82159368247312,23,19,21,41,2,0.338709677419355,0.316666666666667,0.494117647058824,0.469135802469136
"MykleHoban_16S_16SAllFishDez2023_rainbowbridge","MykleHoban","16S","16SAllFishDez2023","rainbowbridge","B",21,2.32434288072157,0.827177099892222,21,10.2199621446383,7.36055663025135,21,16,18,44,3,0.290322580645161,0.266666666666667,0.433734939759036,0.40506329113924
"MykleHoban_16S_16SAllFishDez2023_rainbowbridge","MykleHoban","16S","16SAllFishDez2023","rainbowbridge","C",22,2.12806086400542,0.795386890270851,22,8.39856505108985,6.01822924447325,22,17,19,43,3,0.306451612903226,0.283333333333333,0.452380952380952,0.425
"MykleHoban_COI_COIMetazoa_rainbowbridge","MykleHoban","COI","COIMetazoa","rainbowbridge","A",21,2.04262296052692,0.80641858392743,21,7.7108078417767,5.98088119157284,21,12,12,48,9,0.2,0.2,0.296296296296296,0.296296296296296
"MykleHoban_COI_COIMetazoa_rainbowbridge","MykleHoban","COI","COIMetazoa","rainbowbridge","B",18,1.92249576852367,0.780504096833659,18,6.83800326382307,5.33808288877223,18,9,9,51,9,0.15,0.15,0.230769230769231,0.230769230769231
"MykleHoban_COI_COIMetazoa_rainbowbridge","MykleHoban","COI","COIMetazoa","rainbowbridge","C",20,1.79682397129236,0.693262768321324,20,6.0304640899943,4.07312856805846,20,11,11,49,9,0.183333333333333,0.183333333333333,0.275,0.275
"OnurDogan_COI_MIDORI2_APSCALE","OnurDogan","COI","MIDORI2","APSCALE","A",17,1.59124006280352,0.712690223637255,17,4.90983365691348,3.91109856153084,17,15,15,45,2,0.25,0.25,0.38961038961039,0.38961038961039
"OnurDogan_COI_MIDORI2_APSCALE","OnurDogan","COI","MIDORI2","APSCALE","B",13,1.5021940275625,0.675455097415106,13,4.49153281445914,3.54269862872334,13,11,11,49,2,0.183333333333333,0.183333333333333,0.301369863013699,0.301369863013699
"OnurDogan_COI_MIDORI2_APSCALE","OnurDogan","COI","MIDORI2","APSCALE","C",14,1.3219642633969,0.576623571268585,14,3.75078166926094,2.76624655523524,14,10,10,50,4,0.166666666666667,0.166666666666667,0.27027027027027,0.27027027027027
"OnurDogan_COI_MIDORI2_APSCALEwithCuration","OnurDogan","COI","MIDORI2","APSCALEwithCuration","A",5,0.758972322355667,0.494936944367891,5,2.13607989058048,2.02593051697293,5,3,3,57,2,0.05,0.05,0.0923076923076923,0.0923076923076923
"OnurDogan_COI_MIDORI2_APSCALEwithCuration","OnurDogan","COI","MIDORI2","APSCALEwithCuration","B",4,0.779364008403742,0.472920112772177,4,2.1800853085631,1.99823580354946,4,3,3,57,1,0.05,0.05,0.09375,0.09375
"OnurDogan_COI_MIDORI2_APSCALEwithCuration","OnurDogan","COI","MIDORI2","APSCALEwithCuration","C",6,0.671813162065403,0.39370484740752,6,1.95778388388786,1.75068200538838,6,3,3,57,3,0.05,0.05,0.0909090909090909,0.0909090909090909
"oriolCanals_COI_COIMetazoaSep2024wormstax_In-house","oriolCanals","COI","COIMetazoaSep2024wormstax","In-house","A",33,2.10416042904669,0.810482028533586,33,8.20021545599765,6.16308872958014,33,22,22,38,11,0.366666666666667,0.366666666666667,0.473118279569892,0.473118279569892
"oriolCanals_COI_COIMetazoaSep2024wormstax_In-house","oriolCanals","COI","COIMetazoaSep2024wormstax","In-house","B",23,1.94015264775516,0.782353939241597,23,6.95981328942988,5.39189016999726,23,13,13,47,10,0.216666666666667,0.216666666666667,0.313253012048193,0.313253012048193
"oriolCanals_COI_COIMetazoaSep2024wormstax_In-house","oriolCanals","COI","COIMetazoaSep2024wormstax","In-house","C",25,1.83995780107386,0.699666226558164,25,6.29627255947983,4.18259742506933,25,16,16,44,9,0.266666666666667,0.266666666666667,0.376470588235294,0.376470588235294
"PilarCabezas_12S_12SAllFishDez2023_pMiFishcurated","PilarCabezas","12S","12SAllFishDez2023","pMiFishcurated","A",27,2.473535187411,0.87509151533591,27,11.864315379866,9.32461824571174,27,21,23,39,4,0.370967741935484,0.35,0.51685393258427,0.494117647058824
"PilarCabezas_12S_12SAllFishDez2023_pMiFishcurated","PilarCabezas","12S","12SAllFishDez2023","pMiFishcurated","B",25,2.44752523538187,0.863561159602372,25,11.5597037457073,8.87360943623138,25,21,22,39,3,0.360655737704918,0.35,0.511627906976744,0.5
"PilarCabezas_12S_12SAllFishDez2023_pMiFishcurated","PilarCabezas","12S","12SAllFishDez2023","pMiFishcurated","C",32,2.4528963907194,0.857780612244898,32,11.6219597538564,8.54564155351871,32,22,27,38,5,0.415384615384615,0.366666666666667,0.556701030927835,0.505747126436782
"PilarCabezas_16S_16SAllFishDez2023_pMiFishcurated","PilarCabezas","16S","16SAllFishDez2023","pMiFishcurated","A",30,2.62681830660972,0.87928559675211,30,13.8296979690021,10.2696936922071,30,24,26,36,4,0.419354838709677,0.4,0.565217391304348,0.545454545454545
"PilarCabezas_16S_16SAllFishDez2023_pMiFishcurated","PilarCabezas","16S","16SAllFishDez2023","pMiFishcurated","B",32,2.67292445289149,0.883533980307832,32,14.482260011074,10.7104834452818,32,25,28,35,4,0.444444444444444,0.416666666666667,0.589473684210526,0.561797752808989
"PilarCabezas_16S_16SAllFishDez2023_pMiFishcurated","PilarCabezas","16S","16SAllFishDez2023","pMiFishcurated","C",30,2.39285541928578,0.837036112285922,30,10.9447010776454,7.69788987998646,30,23,26,37,4,0.412698412698413,0.383333333333333,0.559139784946237,0.528735632183908
"PilarCabezas_COI_COIMetazoa_pMiFishcurated","PilarCabezas","COI","COIMetazoa","pMiFishcurated","A",23,1.78742216165761,0.754652751447805,23,5.97403250978217,4.62243153019711,23,20,20,40,3,0.333333333333333,0.333333333333333,0.481927710843373,0.481927710843373
"PilarCabezas_COI_COIMetazoa_pMiFishcurated","PilarCabezas","COI","COIMetazoa","pMiFishcurated","B",17,1.63774906570108,0.72026007584771,17,5.14357861443155,4.07999792228829,17,14,14,46,3,0.233333333333333,0.233333333333333,0.363636363636364,0.363636363636364
"PilarCabezas_COI_COIMetazoa_pMiFishcurated","PilarCabezas","COI","COIMetazoa","pMiFishcurated","C",17,1.52008150120829,0.63868634946206,17,4.57259785220595,3.29537344248369,17,15,15,45,2,0.25,0.25,0.38961038961039,0.38961038961039
"PilarCabezas_12S_12SAllFishDez2023_pMiFishnoCuration","PilarCabezas","12S","12SAllFishDez2023","pMiFishnoCuration","A",42,2.59687968359357,0.876405957391401,42,13.4217923881974,9.8546035339277,42,22,24,38,18,0.387096774193548,0.366666666666667,0.461538461538462,0.44
"PilarCabezas_12S_12SAllFishDez2023_pMiFishnoCuration","PilarCabezas","12S","12SAllFishDez2023","pMiFishnoCuration","B",41,2.60384871836409,0.881885383219846,41,13.5156560155821,10.1481139360794,41,22,23,38,18,0.377049180327869,0.366666666666667,0.450980392156863,0.44
"PilarCabezas_12S_12SAllFishDez2023_pMiFishnoCuration","PilarCabezas","12S","12SAllFishDez2023","pMiFishnoCuration","C",46,2.63107982847163,0.888011019225444,46,13.888759285404,10.532151937045,46,23,28,37,18,0.430769230769231,0.383333333333333,0.504504504504504,0.455445544554455
"PilarCabezas_16S_16SAllFishDez2023_pMiFishnoCuration","PilarCabezas","16S","16SAllFishDez2023","pMiFishnoCuration","A",41,2.69304622895629,0.89081128530524,41,14.7766203990369,11.0327627582227,41,25,27,35,14,0.435483870967742,0.416666666666667,0.524271844660194,0.505050505050505
"PilarCabezas_16S_16SAllFishDez2023_pMiFishnoCuration","PilarCabezas","16S","16SAllFishDez2023","pMiFishnoCuration","B",44,2.6306524366994,0.872838767697863,44,13.8828246122645,9.78090486262097,44,26,29,34,15,0.46031746031746,0.433333333333333,0.542056074766355,0.514851485148515
"PilarCabezas_16S_16SAllFishDez2023_pMiFishnoCuration","PilarCabezas","16S","16SAllFishDez2023","pMiFishnoCuration","C",40,2.51430943080235,0.876477869978098,40,12.3580717280614,9.43087847120642,40,24,27,36,13,0.428571428571429,0.4,0.524271844660194,0.494845360824742
"PilarCabezas_COI_COIMetazoa_pMiFishnoCuration","PilarCabezas","COI","COIMetazoa","pMiFishnoCuration","A",31,2.10003792370203,0.811079896647278,31,8.16647960983452,6.17033251501581,31,21,21,39,10,0.35,0.35,0.461538461538462,0.461538461538462
"PilarCabezas_COI_COIMetazoa_pMiFishnoCuration","PilarCabezas","COI","COIMetazoa","pMiFishnoCuration","B",23,1.94947151303433,0.780440867099607,23,7.02497399219518,5.36523734118274,23,14,14,46,9,0.233333333333333,0.233333333333333,0.337349397590361,0.337349397590361
"PilarCabezas_COI_COIMetazoa_pMiFishnoCuration","PilarCabezas","COI","COIMetazoa","pMiFishnoCuration","C",25,1.84238278019201,0.707610998899575,25,6.31155941662219,4.26091773195055,25,18,18,42,7,0.3,0.3,0.423529411764706,0.423529411764706
"SaaraSuominen_12S_12SAllFishDez2023_PacMAN","SaaraSuominen","12S","12SAllFishDez2023","PacMAN","B",16,1.39978925255357,0.541476514293714,16,4.05434543385537,2.6899151547646,16,9,10,51,6,0.163934426229508,0.15,0.25974025974026,0.24
"SaaraSuominen_12S_12SAllFishDez2023_PacMAN","SaaraSuominen","12S","12SAllFishDez2023","PacMAN","C",19,1.44833710209499,0.557835469708103,19,4.25603128195181,2.79568751929077,19,9,11,51,8,0.17741935483871,0.15,0.271604938271605,0.233766233766234
"SaaraSuominen_12S_12SAllFishDez2023_PacMAN","SaaraSuominen","12S","12SAllFishDez2023","PacMAN","A",18,1.65929774974282,0.637576886155548,18,5.25561878857912,3.47810245519544,18,10,12,50,6,0.193548387096774,0.166666666666667,0.3,0.263157894736842
"SaaraSuominen_12S_12SMifishncbint_PacMAN","SaaraSuominen","12S","12SMifishncbint","PacMAN","B",28,2.22182692052955,0.830440685371867,28,9.22416730239644,6.93760536501669,28,21,22,39,6,0.360655737704918,0.35,0.49438202247191,0.482758620689655
"SaaraSuominen_12S_12SMifishncbint_PacMAN","SaaraSuominen","12S","12SMifishncbint","PacMAN","C",31,2.26159796069197,0.844323648056017,31,9.59841480818569,7.42264284002013,31,21,23,39,8,0.370967741935484,0.35,0.494623655913978,0.471910112359551
"SaaraSuominen_12S_12SMifishncbint_PacMAN","SaaraSuominen","12S","12SMifishncbint","PacMAN","A",27,2.23706062917862,0.830965321294447,27,9.36576134253684,7.04058066328812,27,21,22,39,5,0.360655737704918,0.35,0.5,0.488372093023256
"SaaraSuominen_16S_16SAllFishDez2023_PacMAN","SaaraSuominen","16S","16SAllFishDez2023","PacMAN","B",25,2.06698563339315,0.798323015133033,25,7.90097076360895,5.84582978053228,25,16,19,44,6,0.301587301587302,0.266666666666667,0.431818181818182,0.390243902439024
"SaaraSuominen_16S_16SAllFishDez2023_PacMAN","SaaraSuominen","16S","16SAllFishDez2023","PacMAN","C",25,2.01324274543707,0.789817932663484,25,7.48755826791807,5.55423247914923,25,15,18,45,7,0.285714285714286,0.25,0.409090909090909,0.365853658536585
"SaaraSuominen_16S_16SAllFishDez2023_PacMAN","SaaraSuominen","16S","16SAllFishDez2023","PacMAN","A",25,2.14028263775768,0.806687331611448,25,8.50184023039603,6.18285380053361,25,16,18,44,7,0.290322580645161,0.266666666666667,0.413793103448276,0.385542168674699
"SaaraSuominen_16S_16S-ncbi_PacMAN","SaaraSuominen","16S","16S-ncbi","PacMAN","B",29,2.1284508306504,0.800650533426404,29,8.40184085001006,6.02123926346735,29,20,23,40,6,0.365079365079365,0.333333333333333,0.5,0.465116279069767
"SaaraSuominen_16S_16S-ncbi_PacMAN","SaaraSuominen","16S","16S-ncbi","PacMAN","C",28,2.092056306123,0.803840877914952,28,8.10155732969054,5.99673078930442,28,18,21,42,7,0.333333333333333,0.3,0.461538461538462,0.423529411764706
"SaaraSuominen_16S_16S-ncbi_PacMAN","SaaraSuominen","16S","16S-ncbi","PacMAN","A",27,2.2539115223656,0.829300029623395,27,9.52492000322165,7.01480700461874,27,19,21,41,6,0.338709677419355,0.316666666666667,0.471910112359551,0.447058823529412
"SaaraSuominen_COI_COINCBInt_PacMAN","SaaraSuominen","COI","COINCBInt","PacMAN","B",19,1.92588277628031,0.780939742362729,19,6.86120290041358,5.34928461025212,19,13,13,47,6,0.216666666666667,0.216666666666667,0.329113924050633,0.329113924050633
"SaaraSuominen_COI_COINCBInt_PacMAN","SaaraSuominen","COI","COINCBInt","PacMAN","C",23,1.79608992453127,0.690984452461521,23,6.02603907164504,4.0374007532385,23,15,15,45,8,0.25,0.25,0.36144578313253,0.36144578313253
"SaaraSuominen_COI_COINCBInt_PacMAN","SaaraSuominen","COI","COINCBInt","PacMAN","A",28,2.08115152128162,0.809149742761525,28,8.0136915396048,6.09990763075437,28,20,20,40,8,0.333333333333333,0.333333333333333,0.454545454545455,0.454545454545455
"SaaraSuominen_12S_12SCRABSCustom_MetaWorksASV","SaaraSuominen","12S","12SCRABSCustom","MetaWorksASV","A",27,2.31105303590329,0.845288182316548,27,10.0850389735287,7.67216451515498,27,21,23,39,4,0.370967741935484,0.35,0.51685393258427,0.494117647058824
"SaaraSuominen_12S_12SCRABSCustom_MetaWorksASV","SaaraSuominen","12S","12SCRABSCustom","MetaWorksASV","B",28,2.37997621792559,0.85287413168464,28,10.8046459039829,8.11782455023056,28,23,24,37,4,0.39344262295082,0.383333333333333,0.539325842696629,0.528735632183908
"SaaraSuominen_12S_12SCRABSCustom_MetaWorksASV","SaaraSuominen","12S","12SCRABSCustom","MetaWorksASV","C",25,2.3429185684722,0.862514837238269,25,10.4115791694156,8.33474039593054,25,21,22,39,3,0.360655737704918,0.35,0.511627906976744,0.5
"SaaraSuominen_12S_12SAllFishDez2023_MetaWorksASV","SaaraSuominen","12S","12SAllFishDez2023","MetaWorksASV","B",18,1.63948529016642,0.69724068509656,18,5.15251677854556,3.82294349484311,18,11,12,49,6,0.19672131147541,0.183333333333333,0.30379746835443,0.285714285714286
"SaaraSuominen_12S_12SAllFishDez2023_MetaWorksASV","SaaraSuominen","12S","12SAllFishDez2023","MetaWorksASV","A",18,1.60533198698577,0.689911870014943,18,4.97951246169344,3.71175206110606,18,9,11,51,7,0.17741935483871,0.15,0.275,0.236842105263158
"SaaraSuominen_12S_12SAllFishDez2023_MetaWorksASV","SaaraSuominen","12S","12SAllFishDez2023","MetaWorksASV","C",15,1.56610382974999,0.689710168344255,15,4.78795710954792,3.67420238292833,15,10,11,50,4,0.180327868852459,0.166666666666667,0.289473684210526,0.27027027027027
"SaaraSuominen_12S_TerrimporterFish_MetaWorksASV","SaaraSuominen","12S","TerrimporterFish","MetaWorksASV","C",13,1.72312225332841,0.736354495697194,13,5.60199202550543,4.41441277560711,13,7,7,53,6,0.116666666666667,0.116666666666667,0.191780821917808,0.191780821917808
"SaaraSuominen_12S_TerrimporterFish_MetaWorksASV","SaaraSuominen","12S","TerrimporterFish","MetaWorksASV","B",16,1.71588790081827,0.685163287101954,16,5.56161148009634,3.92578002805818,16,7,8,53,8,0.131147540983607,0.116666666666667,0.207792207792208,0.186666666666667
"SaaraSuominen_12S_TerrimporterFish_MetaWorksASV","SaaraSuominen","12S","TerrimporterFish","MetaWorksASV","A",16,1.89327497258,0.751002668086413,16,6.64108246859234,4.90848094279959,16,7,8,53,8,0.131147540983607,0.116666666666667,0.207792207792208,0.186666666666667
"SaaraSuominen_12S_TerrimporterVert_MetaWorksASV","SaaraSuominen","12S","TerrimporterVert","MetaWorksASV","C",17,1.99719121951369,0.787239568649986,17,7.36833098212501,5.62561712904217,17,10,10,50,7,0.166666666666667,0.166666666666667,0.25974025974026,0.25974025974026
"SaaraSuominen_12S_TerrimporterVert_MetaWorksASV","SaaraSuominen","12S","TerrimporterVert","MetaWorksASV","B",22,2.16732368832262,0.785327299141589,22,8.73487548116176,6.01413128651407,22,12,12,48,10,0.2,0.2,0.292682926829268,0.292682926829268
"SaaraSuominen_12S_TerrimporterVert_MetaWorksASV","SaaraSuominen","12S","TerrimporterVert","MetaWorksASV","A",23,2.24171468510079,0.819069759040098,23,9.40945170942219,6.8655259754296,23,11,12,49,11,0.19672131147541,0.183333333333333,0.285714285714286,0.268292682926829
"SaaraSuominen_12S_12SCRABSCustom_MetaWorksOTU","SaaraSuominen","12S","12SCRABSCustom","MetaWorksOTU","C",25,2.35957461854734,0.864515393255937,25,10.5864472161971,8.4701296486445,25,21,22,39,3,0.360655737704918,0.35,0.511627906976744,0.5
"SaaraSuominen_12S_12SCRABSCustom_MetaWorksOTU","SaaraSuominen","12S","12SCRABSCustom","MetaWorksOTU","A",27,2.33272608464073,0.847817306365637,27,10.3059982967759,7.82009432231554,27,21,23,39,4,0.370967741935484,0.35,0.51685393258427,0.494117647058824
"SaaraSuominen_12S_12SCRABSCustom_MetaWorksOTU","SaaraSuominen","12S","12SCRABSCustom","MetaWorksOTU","B",29,2.38484605657389,0.853549813626774,29,10.8573911122751,8.14184018450339,29,24,25,36,4,0.409836065573771,0.4,0.555555555555556,0.545454545454545
"SaaraSuominen_12S_12SAllFishDez2023_MetaWorksOTU","SaaraSuominen","12S","12SAllFishDez2023","MetaWorksOTU","C",25,2.35957461854734,0.864515393255937,25,10.5864472161971,8.4701296486445,25,21,22,39,3,0.360655737704918,0.35,0.511627906976744,0.5
"SaaraSuominen_12S_12SAllFishDez2023_MetaWorksOTU","SaaraSuominen","12S","12SAllFishDez2023","MetaWorksOTU","A",27,2.33272608464073,0.847817306365637,27,10.3059982967759,7.82009432231554,27,21,23,39,4,0.370967741935484,0.35,0.51685393258427,0.494117647058824
"SaaraSuominen_12S_12SAllFishDez2023_MetaWorksOTU","SaaraSuominen","12S","12SAllFishDez2023","MetaWorksOTU","B",29,2.38484605657389,0.853549813626774,29,10.8573911122751,8.14184018450339,29,24,25,36,4,0.409836065573771,0.4,0.555555555555556,0.545454545454545
"SaaraSuominen_12S_TerrimporterFish_MetaWorksOTU","SaaraSuominen","12S","TerrimporterFish","MetaWorksOTU","B",15,1.71939477960463,0.695307781919018,15,5.58114961632794,4.02939449723244,15,6,7,54,8,0.114754098360656,0.1,0.184210526315789,0.162162162162162
"SaaraSuominen_12S_TerrimporterFish_MetaWorksOTU","SaaraSuominen","12S","TerrimporterFish","MetaWorksOTU","A",15,1.83591178460944,0.74806086549249,15,6.27084920338059,4.75214410174521,15,6,8,54,7,0.129032258064516,0.1,0.207792207792208,0.164383561643836
"SaaraSuominen_12S_TerrimporterFish_MetaWorksOTU","SaaraSuominen","12S","TerrimporterFish","MetaWorksOTU","C",13,1.75324575958244,0.744179559423487,13,5.77331107784746,4.55635583770655,13,6,7,54,6,0.114754098360656,0.1,0.189189189189189,0.166666666666667
"SaaraSuominen_12S_TerrimporterVert_MetaWorksOTU","SaaraSuominen","12S","TerrimporterVert","MetaWorksOTU","A",20,2.1596243751788,0.814808889474452,20,8.66788117557706,6.54430491116345,20,9,10,51,10,0.163934426229508,0.15,0.246913580246914,0.227848101265823
"SaaraSuominen_12S_TerrimporterVert_MetaWorksOTU","SaaraSuominen","12S","TerrimporterVert","MetaWorksOTU","C",16,1.99838767210879,0.790797711814783,16,7.37715211683259,5.70075892452561,16,9,9,51,7,0.15,0.15,0.236842105263158,0.236842105263158
"SaaraSuominen_12S_TerrimporterVert_MetaWorksOTU","SaaraSuominen","12S","TerrimporterVert","MetaWorksOTU","B",20,2.12640205960092,0.783752778537985,20,8.38464502288554,5.90136618719484,20,10,10,50,10,0.166666666666667,0.166666666666667,0.25,0.25
"SaaraSuominen_16S_16SCRABSCustom_MetaWorksASV","SaaraSuominen","16S","16SCRABSCustom","MetaWorksASV","B",23,2.12578892557414,0.814197444739887,23,8.37950568743124,6.3371130419753,23,17,19,43,4,0.306451612903226,0.283333333333333,0.447058823529412,0.419753086419753
"SaaraSuominen_16S_16SCRABSCustom_MetaWorksASV","SaaraSuominen","16S","16SCRABSCustom","MetaWorksASV","C",20,2.06770013108946,0.815316001498107,20,7.90661800624885,6.22434429429507,20,14,16,46,4,0.258064516129032,0.233333333333333,0.390243902439024,0.358974358974359
"SaaraSuominen_16S_16SCRABSCustom_MetaWorksASV","SaaraSuominen","16S","16SCRABSCustom","MetaWorksASV","A",25,2.30555167933953,0.846822721955057,25,10.029709910173,7.67609780831356,25,21,22,39,3,0.360655737704918,0.35,0.511627906976744,0.5
"SaaraSuominen_16S_16SAllFishDez2023_MetaWorksASV","SaaraSuominen","16S","16SAllFishDez2023","MetaWorksASV","C",19,1.93807080302646,0.802709078151626,19,6.94533911054472,5.6419750643414,19,11,13,49,6,0.209677419354839,0.183333333333333,0.320987654320988,0.285714285714286
"SaaraSuominen_16S_16SAllFishDez2023_MetaWorksASV","SaaraSuominen","16S","16SAllFishDez2023","MetaWorksASV","B",22,2.01490907657958,0.791756959342915,22,7.50004542041742,5.62873074460077,22,14,16,46,6,0.258064516129032,0.233333333333333,0.380952380952381,0.35
"SaaraSuominen_16S_16SAllFishDez2023_MetaWorksASV","SaaraSuominen","16S","16SAllFishDez2023","MetaWorksASV","A",22,2.1371535413033,0.823108695424194,22,8.47527873069519,6.54120703941757,22,16,17,44,5,0.278688524590164,0.266666666666667,0.409638554216867,0.395061728395062
"SaaraSuominen_16S_16SCRABSCustom_MetaWorksOTU","SaaraSuominen","16S","16SCRABSCustom","MetaWorksOTU","B",22,2.12887518087339,0.815779828281341,22,8.40540692962818,6.38470537578319,22,16,18,44,4,0.290322580645161,0.266666666666667,0.428571428571429,0.4
"SaaraSuominen_16S_16SCRABSCustom_MetaWorksOTU","SaaraSuominen","16S","16SCRABSCustom","MetaWorksOTU","C",22,2.10629090170419,0.81825820832796,22,8.21770441407071,6.36842256628258,22,16,18,44,4,0.290322580645161,0.266666666666667,0.428571428571429,0.4
"SaaraSuominen_16S_16SCRABSCustom_MetaWorksOTU","SaaraSuominen","16S","16SCRABSCustom","MetaWorksOTU","A",24,2.28794147484259,0.843519994208122,24,9.85463078183113,7.53310459036205,24,20,21,40,3,0.344262295081967,0.333333333333333,0.494117647058824,0.481927710843373
"SaaraSuominen_16S_16SAllFishDez2023_MetaWorksOTU","SaaraSuominen","16S","16SAllFishDez2023","MetaWorksOTU","C",21,1.99088553706152,0.809152494236359,21,7.32201480776031,5.86877125466877,21,13,15,47,6,0.241935483870968,0.216666666666667,0.36144578313253,0.329113924050633
"SaaraSuominen_16S_16SAllFishDez2023_MetaWorksOTU","SaaraSuominen","16S","16SAllFishDez2023","MetaWorksOTU","B",22,2.05287932849394,0.799989039598636,22,7.79029967624589,5.86278568920606,22,14,16,46,6,0.258064516129032,0.233333333333333,0.380952380952381,0.35
"SaaraSuominen_16S_16SAllFishDez2023_MetaWorksOTU","SaaraSuominen","16S","16SAllFishDez2023","MetaWorksOTU","A",22,2.16459512235954,0.826615522864577,22,8.71107428356773,6.71160244357895,22,16,17,44,5,0.278688524590164,0.266666666666667,0.409638554216867,0.395061728395062
"SaaraSuominen_COI_COICRABSCustom_MetaWorksASV","SaaraSuominen","COI","COICRABSCustom","MetaWorksASV","A",20,2.02499545808921,0.804106388222086,20,7.57607653469496,5.90140050817546,20,14,14,46,6,0.233333333333333,0.233333333333333,0.35,0.35
"SaaraSuominen_COI_COICRABSCustom_MetaWorksASV","SaaraSuominen","COI","COICRABSCustom","MetaWorksASV","B",16,1.93255135204851,0.784778519744467,16,6.90711025001107,5.43338969943184,16,11,11,49,5,0.183333333333333,0.183333333333333,0.289473684210526,0.289473684210526
"SaaraSuominen_COI_COICRABSCustom_MetaWorksASV","SaaraSuominen","COI","COICRABSCustom","MetaWorksASV","C",19,1.76474486821501,0.683871699011124,19,5.84008217740742,3.94497044800733,19,13,13,47,6,0.216666666666667,0.216666666666667,0.329113924050633,0.329113924050633
"SaaraSuominen_COI_COICRABSCustom_MetaWorksASVPseudogenefiltering","SaaraSuominen","COI","COICRABSCustom","MetaWorksASVPseudogenefiltering","C",NA,NA,NA,NA,NA,NA,NA,NA,NA,NA,NA,NA,NA,NA,NA
"SaaraSuominen_COI_COICRABSCustom_MetaWorksASVPseudogenefiltering","SaaraSuominen","COI","COICRABSCustom","MetaWorksASVPseudogenefiltering","B",NA,NA,NA,NA,NA,NA,NA,NA,NA,NA,NA,NA,NA,NA,NA
"SaaraSuominen_COI_COICRABSCustom_MetaWorksASVPseudogenefiltering","SaaraSuominen","COI","COICRABSCustom","MetaWorksASVPseudogenefiltering","A",NA,NA,NA,NA,NA,NA,NA,NA,NA,NA,NA,NA,NA,NA,NA
"SaaraSuominen_COI_COICRABSCustom_MetaWorksOTU","SaaraSuominen","COI","COICRABSCustom","MetaWorksOTU","A",20,2.02297184527828,0.804771683689396,20,7.56076099075465,5.90946973633798,20,14,14,46,6,0.233333333333333,0.233333333333333,0.35,0.35
"SaaraSuominen_COI_COICRABSCustom_MetaWorksOTU","SaaraSuominen","COI","COICRABSCustom","MetaWorksOTU","C",19,1.79117258624394,0.695474956835881,19,5.99647973518812,4.08963908033413,19,13,13,47,6,0.216666666666667,0.216666666666667,0.329113924050633,0.329113924050633
"SaaraSuominen_COI_COICRABSCustom_MetaWorksOTU","SaaraSuominen","COI","COICRABSCustom","MetaWorksOTU","B",16,1.91702307566795,0.781542241588416,16,6.80068318602109,5.34618339254709,16,11,11,49,5,0.183333333333333,0.183333333333333,0.289473684210526,0.289473684210526
"SaaraSuominen_COI_COICRABSCustom_MetaWorksOTUPseudogenefiltering","SaaraSuominen","COI","COICRABSCustom","MetaWorksOTUPseudogenefiltering","B",16,1.91702307566795,0.781542241588416,16,6.80068318602109,5.34618339254709,16,11,11,49,5,0.183333333333333,0.183333333333333,0.289473684210526,0.289473684210526
"SaaraSuominen_COI_COICRABSCustom_MetaWorksOTUPseudogenefiltering","SaaraSuominen","COI","COICRABSCustom","MetaWorksOTUPseudogenefiltering","C",19,1.79117258624394,0.695474956835881,19,5.99647973518812,4.08963908033413,19,13,13,47,6,0.216666666666667,0.216666666666667,0.329113924050633,0.329113924050633
"SaaraSuominen_COI_COICRABSCustom_MetaWorksOTUPseudogenefiltering","SaaraSuominen","COI","COICRABSCustom","MetaWorksOTUPseudogenefiltering","A",20,2.02297184527828,0.804771683689396,20,7.56076099075465,5.90946973633798,20,14,14,46,6,0.233333333333333,0.233333333333333,0.35,0.35
"seanJungbluth_COI_CRUXcustom_DADA2","seanJungbluth","COI","CRUXcustom","DADA2","A",22,2.05280020063774,0.807465374403278,22,7.78968327092115,6.02443813636096,22,15,15,45,7,0.25,0.25,0.365853658536585,0.365853658536585
"seanJungbluth_COI_CRUXcustom_DADA2","seanJungbluth","COI","CRUXcustom","DADA2","B",15,1.88713100435583,0.776793594159287,15,6.6004049575578,5.21886425847398,15,12,12,48,3,0.2,0.2,0.32,0.32
"seanJungbluth_COI_CRUXcustom_DADA2","seanJungbluth","COI","CRUXcustom","DADA2","C",20,1.78928315722073,0.69488910035486,20,5.98516050914387,4.08700885141831,20,14,14,46,6,0.233333333333333,0.233333333333333,0.35,0.35
"StenAnslan_12S_12SAllFishDez2023_PipeCraft2 DADA2 ASV","StenAnslan","12S","12SAllFishDez2023","PipeCraft2 DADA2 ASV","A",72,3.43162414897948,0.948432924081845,72,30.926831763674,23.5361610435577,72,9,9,51,63,0.15,0.15,0.136363636363636,0.136363636363636
"StenAnslan_12S_12SAllFishDez2023_PipeCraft2 DADA2 ASV","StenAnslan","12S","12SAllFishDez2023","PipeCraft2 DADA2 ASV","B",69,3.46836342867841,0.951742770745933,69,32.0841913872047,24.8229155835071,69,11,11,49,58,0.183333333333333,0.183333333333333,0.170542635658915,0.170542635658915
"StenAnslan_12S_12SAllFishDez2023_PipeCraft2 DADA2 ASV","StenAnslan","12S","12SAllFishDez2023","PipeCraft2 DADA2 ASV","C",71,3.43941276338939,0.95257685895792,71,31.168649421009,24.6510311390084,71,11,12,49,59,0.19672131147541,0.183333333333333,0.181818181818182,0.169230769230769
"StenAnslan_12S_12SAllFishDez2023_PipeCraft2 DADA2 OTU","StenAnslan","12S","12SAllFishDez2023","PipeCraft2 DADA2 OTU","A",15,1.7827863785183,0.774134743477598,15,5.94640228394938,4.92881954738382,15,6,6,54,9,0.1,0.1,0.16,0.16
"StenAnslan_12S_12SAllFishDez2023_PipeCraft2 DADA2 OTU","StenAnslan","12S","12SAllFishDez2023","PipeCraft2 DADA2 OTU","B",18,1.83166725657011,0.76421112134458,18,6.24428881613667,4.89035216572322,18,8,8,52,10,0.133333333333333,0.133333333333333,0.205128205128205,0.205128205128205
"StenAnslan_12S_12SAllFishDez2023_PipeCraft2 DADA2 OTU","StenAnslan","12S","12SAllFishDez2023","PipeCraft2 DADA2 OTU","C",18,1.84791518147746,0.781343579382689,18,6.34657426483796,5.15954855741373,18,8,9,52,9,0.147540983606557,0.133333333333333,0.227848101265823,0.207792207792208
"StenAnslan_16S_16SAllFishDez2023_PipeCraft2 DADA2 ASV","StenAnslan","16S","16SAllFishDez2023","PipeCraft2 DADA2 ASV","A",20,2.4783813508707,0.87937050158744,20,11.9219513353653,9.7676854288185,20,12,13,48,7,0.213114754098361,0.2,0.320987654320988,0.30379746835443
"StenAnslan_16S_16SAllFishDez2023_PipeCraft2 DADA2 ASV","StenAnslan","16S","16SAllFishDez2023","PipeCraft2 DADA2 ASV","B",16,2.29489373153383,0.860338706130015,16,9.92338141372898,8.28988363816822,16,9,9,51,7,0.15,0.15,0.236842105263158,0.236842105263158
"StenAnslan_16S_16SAllFishDez2023_PipeCraft2 DADA2 ASV","StenAnslan","16S","16SAllFishDez2023","PipeCraft2 DADA2 ASV","C",14,2.12338263175914,0.830513162486732,14,8.35936637499194,6.87721000687706,14,7,8,53,6,0.131147540983607,0.116666666666667,0.213333333333333,0.191780821917808
"StenAnslan_16S_16SAllFishDez2023_PipeCraft2 DADA2 OTU","StenAnslan","16S","16SAllFishDez2023","PipeCraft2 DADA2 OTU","A",19,2.42341701485869,0.875631888604456,19,11.2843523113764,9.35343820583142,19,11,12,49,7,0.19672131147541,0.183333333333333,0.3,0.282051282051282
"StenAnslan_16S_16SAllFishDez2023_PipeCraft2 DADA2 OTU","StenAnslan","16S","16SAllFishDez2023","PipeCraft2 DADA2 OTU","B",15,2.24870417650227,0.858069493756175,15,9.47544936758819,8.05249139181398,15,8,8,52,7,0.133333333333333,0.133333333333333,0.213333333333333,0.213333333333333
"StenAnslan_16S_16SAllFishDez2023_PipeCraft2 DADA2 OTU","StenAnslan","16S","16SAllFishDez2023","PipeCraft2 DADA2 OTU","C",14,2.12338263175914,0.830513162486732,14,8.35936637499194,6.87721000687706,14,7,8,53,6,0.131147540983607,0.116666666666667,0.213333333333333,0.191780821917808
"StenAnslan_16S_COIMetazoa_PipeCraft2 DADA2 ASV","StenAnslan","16S","COIMetazoa","PipeCraft2 DADA2 ASV","A",7,0.986132695068032,0.49759569876188,7,2.68084674719822,2.20702153355076,7,3,3,57,4,0.05,0.05,0.0895522388059701,0.0895522388059701
"StenAnslan_16S_COIMetazoa_PipeCraft2 DADA2 ASV","StenAnslan","16S","COIMetazoa","PipeCraft2 DADA2 ASV","B",4,0.822702142866447,0.449716262975778,4,2.27664334905647,1.98907123306527,4,1,1,59,3,0.0166666666666667,0.0166666666666667,0.03125,0.03125
"StenAnslan_16S_COIMetazoa_PipeCraft2 DADA2 ASV","StenAnslan","16S","COIMetazoa","PipeCraft2 DADA2 ASV","C",11,1.20737816554962,0.52014274691358,11,3.3447038868451,2.46077145247301,11,3,3,57,8,0.05,0.05,0.0845070422535211,0.0845070422535211
"StenAnslan_COI_COIMetazoa_PipeCraft2 DADA2 OTU","StenAnslan","COI","COIMetazoa","PipeCraft2 DADA2 OTU","A",7,0.986132695068032,0.49759569876188,7,2.68084674719822,2.20702153355076,7,3,3,57,4,0.05,0.05,0.0895522388059701,0.0895522388059701
"StenAnslan_COI_COIMetazoa_PipeCraft2 DADA2 OTU","StenAnslan","COI","COIMetazoa","PipeCraft2 DADA2 OTU","B",4,0.822702142866447,0.449716262975778,4,2.27664334905647,1.98907123306527,4,1,1,59,3,0.0166666666666667,0.0166666666666667,0.03125,0.03125
"StenAnslan_COI_COIMetazoa_PipeCraft2 DADA2 OTU","StenAnslan","COI","COIMetazoa","PipeCraft2 DADA2 OTU","C",11,1.20737816554962,0.52014274691358,11,3.3447038868451,2.46077145247301,11,3,3,57,8,0.05,0.05,0.0845070422535211,0.0845070422535211
"TomasVetrovsky_12S_12SAllFishDez2023_SEED2","TomasVetrovsky","12S","12SAllFishDez2023","SEED2","A",12,1.51055663943302,0.687934027777778,12,4.52925125260521,3.62248524786291,12,2,2,58,10,0.0333333333333333,0.0333333333333333,0.0555555555555556,0.0555555555555556
"TomasVetrovsky_12S_12SAllFishDez2023_SEED2","TomasVetrovsky","12S","12SAllFishDez2023","SEED2","B",8,1.55668006533387,0.753121284185494,8,4.74304846630106,4.29861429902951,8,0,0,60,8,0,0,0,0
"TomasVetrovsky_12S_12SAllFishDez2023_SEED2","TomasVetrovsky","12S","12SAllFishDez2023","SEED2","C",11,1.66455797172117,0.752770083102493,11,5.28333734901686,4.4688347931346,11,1,1,59,10,0.0166666666666667,0.0166666666666667,0.028169014084507,0.028169014084507
"TomasVetrovsky_12S_NCBI_SEED2","TomasVetrovsky","12S","NCBI","SEED2","A",1,0,0,1,1,1,1,0,0,60,1,0,0,0,0
"TomasVetrovsky_12S_NCBI_SEED2","TomasVetrovsky","12S","NCBI","SEED2","B",1,0,0,1,1,1,1,0,0,60,1,0,0,0,0
"TomasVetrovsky_12S_NCBI_SEED2","TomasVetrovsky","12S","NCBI","SEED2","C",1,0,0,1,1,1,1,1,1,59,0,0.0166666666666667,0.0166666666666667,0.0327868852459016,0.0327868852459016
"TomasVetrovsky_16S_16SAllFishDez2023_SEED2","TomasVetrovsky","16S","16SAllFishDez2023","SEED2","A",NA,NA,NA,NA,NA,NA,NA,NA,NA,NA,NA,NA,NA,NA,NA
"TomasVetrovsky_16S_16SAllFishDez2023_SEED2","TomasVetrovsky","16S","16SAllFishDez2023","SEED2","B",1,0,0,1,1,1,1,0,0,60,1,0,0,0,0
"TomasVetrovsky_16S_16SAllFishDez2023_SEED2","TomasVetrovsky","16S","16SAllFishDez2023","SEED2","C",NA,NA,NA,NA,NA,NA,NA,NA,NA,NA,NA,NA,NA,NA,NA
"TomasVetrovsky_16S_NCBI_SEED2","TomasVetrovsky","16S","NCBI","SEED2","A",NA,NA,NA,NA,NA,NA,NA,NA,NA,NA,NA,NA,NA,NA,NA
"TomasVetrovsky_16S_NCBI_SEED2","TomasVetrovsky","16S","NCBI","SEED2","B",NA,NA,NA,NA,NA,NA,NA,NA,NA,NA,NA,NA,NA,NA,NA
"TomasVetrovsky_16S_NCBI_SEED2","TomasVetrovsky","16S","NCBI","SEED2","C",NA,NA,NA,NA,NA,NA,NA,NA,NA,NA,NA,NA,NA,NA,NA
"TomasVetrovsky_COI_COIMetazoaSep2024wormstax_SEED2","TomasVetrovsky","COI","COIMetazoaSep2024wormstax","SEED2","B",59,2.36060419749996,0.834046783839985,59,10.5973524123508,7.44798432124498,59,14,14,46,45,0.233333333333333,0.233333333333333,0.235294117647059,0.235294117647059
"TomasVetrovsky_COI_COIMetazoaSep2024wormstax_SEED2","TomasVetrovsky","COI","COIMetazoaSep2024wormstax","SEED2","C",60,2.35158301338861,0.783418828462968,60,10.5021816669835,6.23356280439885,60,16,16,44,44,0.266666666666667,0.266666666666667,0.266666666666667,0.266666666666667
"TomasVetrovsky_COI_COIMetazoaSep2024wormstax_SEED2","TomasVetrovsky","COI","COIMetazoaSep2024wormstax","SEED2","A",81,2.48412630351187,0.844242959606332,81,11.9906394973781,7.922984709527,81,23,24,37,57,0.39344262295082,0.383333333333333,0.338028169014085,0.328571428571429
"VictorPylro_16S_16SAllFishDez2023_inhousepipeline","VictorPylro","16S","16SAllFishDez2023","inhousepipeline","A",NA,NA,NA,NA,NA,NA,NA,NA,NA,NA,NA,NA,NA,NA,NA
"VictorPylro_16S_16SAllFishDez2023_inhousepipeline","VictorPylro","16S","16SAllFishDez2023","inhousepipeline","B",NA,NA,NA,NA,NA,NA,NA,NA,NA,NA,NA,NA,NA,NA,NA
"VictorPylro_16S_16SAllFishDez2023_inhousepipeline","VictorPylro","16S","16SAllFishDez2023","inhousepipeline","C",NA,NA,NA,NA,NA,NA,NA,NA,NA,NA,NA,NA,NA,NA,NA
"ZacharyGold_COI_COIMetazoa_Anacapa100","ZacharyGold","COI","COIMetazoa","Anacapa100","A",21,2.00786569258198,0.802047310902724,21,7.44740532036065,5.81810462402413,21,14,14,46,7,0.233333333333333,0.233333333333333,0.345679012345679,0.345679012345679
"ZacharyGold_COI_COIMetazoa_Anacapa100","ZacharyGold","COI","COIMetazoa","Anacapa100","B",16,1.90436380399444,0.779676507340021,16,6.71513412687871,5.29750196947761,16,10,10,50,6,0.166666666666667,0.166666666666667,0.263157894736842,0.263157894736842
"ZacharyGold_COI_COIMetazoa_Anacapa100","ZacharyGold","COI","COIMetazoa","Anacapa100","C",17,1.6993374158331,0.678000270416441,17,5.47032164216979,3.81425749784661,17,11,11,49,6,0.183333333333333,0.183333333333333,0.285714285714286,0.285714285714286
"ZacharyGold_COI_COIMetazoa_Anacapa95","ZacharyGold","COI","COIMetazoa","Anacapa95","A",21,2.00894620406114,0.802164215794347,21,7.45545667630721,5.82251017851952,21,14,14,46,7,0.233333333333333,0.233333333333333,0.345679012345679,0.345679012345679
"ZacharyGold_COI_COIMetazoa_Anacapa95","ZacharyGold","COI","COIMetazoa","Anacapa95","B",16,1.9147581479051,0.780753010959289,16,6.78529756010962,5.331449455287,16,10,10,50,6,0.166666666666667,0.166666666666667,0.263157894736842,0.263157894736842
"ZacharyGold_COI_COIMetazoa_Anacapa95","ZacharyGold","COI","COIMetazoa","Anacapa95","C",19,1.7281843434747,0.68186114128781,19,5.6304217102422,3.87801505548931,19,11,11,49,8,0.183333333333333,0.183333333333333,0.278481012658228,0.278481012658228
